Price,Close,High,Low,Open,Volume
Ticker,QQQ,QQQ,QQQ,QQQ,QQQ
Date,,,,,
2015-01-01,93.32964324951172,95.9446377586789,91.72749862734665,95.53950201884648,171618800
2015-01-08,92.96129608154297,95.4381791608149,92.14180819006353,94.12147271299771,223269000
2015-01-15,94.04781341552734,94.48978782732955,91.4880639730655,93.39406501313165,157460500
2015-01-22,92.9244613647461,96.29449579860686,92.90604898543809,94.41611698669266,184476000
2015-01-29,94.7199478149414,95.34607391293584,91.84713271385944,92.85077219560242,197915600
2015-02-05,96.47865295410156,96.69963664257362,94.4253318394531,94.95937516784849,124369600
2015-02-12,98.67009735107422,98.7253415162941,96.95745797981093,97.10477809537883,84375400
2015-02-19,99.74742126464844,100.23543022444446,98.57803467707478,98.60565676537325,105250100
2015-02-26,99.85789489746094,100.75104642049519,99.3146418411507,99.84869221934882,114798000
2015-03-05,96.78250122070312,100.33668742195859,96.74566943844287,100.1157037533413,132302700
2015-03-12,99.36988830566406,99.82107244160753,96.38658371619073,96.70885308118942,149394400
2015-03-19,97.10478973388672,100.42878322194474,97.06795794434409,99.47117776867292,144370600
2015-03-26,96.94973754882812,98.58325211353545,96.20219077960088,96.52520133859927,175753500
2015-04-02,98.41712188720703,98.55555698229504,96.29446920546133,97.04201590249602,88861600
2015-04-09,99.52458190917969,100.02294399350359,98.03873358065778,98.3709679291061,102946800
2015-04-16,100.27213287353516,100.43825357546228,97.41117148799124,99.25695393558102,135844200
2015-04-23,100.91813659667969,102.58857421305815,99.91218871508772,99.93064343831233,163995700
2015-04-30,98.48172760009766,101.4349839194461,97.82647563652108,100.34597192788604,190992600
2015-05-07,99.67223358154297,100.57666991027428,98.38018470096965,98.45401767496811,136441800
2015-05-14,101.52726745605469,102.13637201411474,100.11524498303673,100.48439584678154,100817500
2015-05-21,102.40402221679688,102.51477171236697,100.37366408572687,101.35192665273851,86376700
2015-05-28,101.88719940185547,102.45016364970989,101.02891022406936,102.2102099437961,112212400
2015-06-04,101.04734802246094,101.9610153122929,98.93392648626767,101.31498729554399,136418000
2015-06-11,100.68742370605469,101.65646223624374,99.03544769196998,101.3888229560858,115787700
2015-06-18,101.72108459472656,102.56091205253342,101.0012304762915,101.05660170352431,123974700
2015-06-25,99.82752227783203,102.45456605214218,98.64350533172514,102.35281393421447,157616200
2015-07-02,98.13471221923828,100.1974961313389,97.89421370865614,100.11424827551323,128732700
2015-07-09,102.10301971435547,102.50077592679442,98.06995902083798,99.43898253678688,131186200
2015-07-16,104.17506408691406,105.81233552385392,102.74128977228253,102.94479395188657,163348600
2015-07-23,103.18531036376953,104.6190777715998,101.55728381334823,104.27682712206501,152805400
2015-07-30,103.83280181884766,104.52656218734775,102.32503182526713,102.94478939404299,123643800
2015-08-06,102.2325439453125,104.06407476641192,100.10501598446612,103.92532125526402,171645300
2015-08-13,101.87177276611328,103.10204288043958,101.27976446666067,102.33427969114162,118156100
2015-08-20,95.30419921875,101.25204001581535,78.38569090450159,100.92828650034315,485532700
2015-08-27,96.10894012451172,98.05146779194972,93.08414089242925,96.68244419304074,275965800
2015-09-03,96.07190704345703,98.33818739859905,93.9721223508852,96.48816031446898,179001600
2015-09-10,99.05974578857422,99.15225283433325,95.84995313942282,95.96095030265887,157860900
2015-09-17,96.3679428100586,100.57675863452548,95.39667544832143,98.95798440316061,209431200
2015-09-24,94.35841369628906,97.37202256102154,91.56734627456358,95.66585263272816,217788700
2015-10-01,97.94693756103516,98.16021148914439,93.17153148572784,94.52533668202007,202004300
2015-10-08,98.22511291503906,99.45837619886983,96.63021710053094,97.5760306995837,148169300
2015-10-15,99.69945526123047,100.92344386453975,98.45692448453002,98.58674092166395,142861100
2015-10-22,105.7266616821289,105.7266616821289,100.30216749054816,100.58962420511678,195480000
2015-10-29,106.65394592285156,107.0712191387189,105.0590571310848,105.24450717738198,123340800
2015-11-05,104.91070556640625,107.0063253292893,104.43779868784029,106.74669239971324,146609700
2015-11-12,105.36502075195312,105.46702037241049,101.5168802644693,104.48412265650924,181559500
2015-11-19,105.84719848632812,106.57973797465434,104.63247770404517,105.42065784903635,110146200
2015-11-26,106.12538146972656,107.3308277210008,105.38357437810443,106.07902250588629,84904500
2015-12-03,104.67887115478516,106.94139841638727,103.70524076448181,106.41285802365658,187985500
2015-12-10,105.68960571289062,105.86578114873554,101.42418355954163,104.9199745172287,232647400
2015-12-17,104.41925048828125,106.15323756004025,101.84145644406532,106.15323756004025,178044900
2015-12-24,105.35198974609375,106.54251880091779,103.7150256008431,104.73812996564241,77898000
2015-12-31,100.69221496582031,105.17527829326879,99.90163462785652,104.97995894596508,161380700
2016-01-07,94.77680206298828,99.79001990030697,94.62798326822858,98.54368733044188,297359300
2016-01-14,93.70719909667969,97.64150943660822,90.45186215535583,95.14885115198024,313128400
2016-01-21,93.54910278320312,96.72072799246278,92.84222749325134,94.10715923481862,233440000
2016-01-28,94.55362701416016,97.474129870921,92.89804904851668,95.10238062091831,241137900
2016-02-04,89.93102264404297,95.29767571738537,88.21033863756875,94.30247285923394,344944700
2016-02-11,95.33489990234375,95.46511285647568,88.53589614102752,88.7870190965466,208358100
2016-02-18,95.38138580322266,96.15336039909886,92.79571192792304,95.63250870143354,161837300
2016-02-25,98.43209075927734,98.4506895625575,94.72100150256439,95.57669547095168,154777800
2016-03-03,97.49268341064453,98.91572946142628,96.69280011087282,98.32977140994875,142937100
2016-03-10,100.05977630615234,100.32020217290813,96.08826054990867,97.90195285808244,159282700
2016-03-17,99.73420715332031,100.79451613142783,99.33426554957309,99.77140475249071,124347800
2016-03-24,102.01705932617188,102.65140123443597,99.37707703757857,99.54499128144616,86680700
2016-03-31,103.23908996582031,103.27640503029279,101.11218111073514,101.9424217231654,110163100
2016-04-07,103.46300506591797,103.6215887899648,100.76704617150912,102.64208768568018,131158100
2016-04-14,103.21112823486328,103.9574154548448,102.50215608759308,103.48165717417852,116238800
2016-04-21,100.35659790039062,103.59360767258644,99.5263570623322,103.15516444228358,125820000
2016-04-28,97.9964599609375,101.0562244512719,97.75391557071683,100.4685210102419,188178700
2016-05-05,99.21849822998047,100.27262224130754,97.39010254948451,98.35094244675886,112981400
2016-05-12,98.7520751953125,100.01142858716321,97.9871340366451,99.45171675935423,126024600
2016-05-19,101.90510559082031,102.21294953165167,97.5206887595014,98.36958333671184,140497000
2016-05-26,102.94056701660156,103.17378081007693,101.76516750469209,102.0077118427001,85693500
2016-06-02,102.9592514038086,103.31373388794198,101.99840437888382,102.73536098708267,75221900
2016-06-09,100.4871826171875,102.903274633843,100.03940890349969,102.53946160521242,124885500
2016-06-16,100.03939056396484,100.97224577243891,99.10653535549078,99.99275207381339,127379800
2016-06-23,99.43598175048828,101.75562782521688,95.1708341215582,101.08218196042222,194566800
2016-06-30,101.29732513427734,101.46568662018558,99.26763190525088,99.60435487706735,101950800
2016-07-07,104.02849578857422,104.5896982526382,101.11958838122385,101.39083778500468,111852000
2016-07-14,106.10497283935547,106.3013933847955,104.33718079431715,104.72066648701114,103518800
2016-07-21,107.1712646484375,107.4518623818083,105.57183401916572,106.17979934284158,100726800
2016-07-28,107.8821029663086,108.62102235956682,106.83452682281525,107.33961123603265,89604800
2016-08-04,109.079345703125,109.70602174642485,107.59215149688133,107.84469727533656,76355000
2016-08-11,109.67796325683594,110.34205375726684,108.90162939472529,109.45347653347646,74268300
2016-08-18,109.24772644042969,110.37948710412643,108.88294437262985,109.57509404793228,73006500
2016-08-25,108.9109878540039,109.93986038872161,108.45266613298504,108.9671059683827,95360300
2016-09-01,110.29529571533203,110.48236800482832,108.41526737442211,108.94841091134971,75105000
2016-09-08,108.34976196289062,109.99596205390681,106.28266180482117,109.96790300091347,184670300
2016-09-15,110.51041412353516,110.66942019892885,108.36848482814898,108.37784022554783,131966200
2016-09-22,111.30300903320312,111.79060837375123,109.84960415593132,111.43428412782235,96264400
2016-09-29,111.38742065429688,111.74373779873434,110.01840364172283,111.11549158855888,107688100
2016-10-06,110.1028060913086,112.03443916316253,109.70898069806037,111.24678122270798,93700800
2016-10-13,110.50599670410156,111.03110431767274,108.71502497708552,109.35265002974128,91296600
2016-10-20,111.0029525756836,112.20319327493264,109.7370814819437,110.39346412037062,93788500
2016-10-27,108.00239562988281,111.5749678002411,107.73046653169887,111.48120087251236,123677300
2016-11-03,110.3184585571289,110.49661354670087,106.38018380210606,107.82421716355208,180806200
2016-11-10,109.62458038330078,111.00296910595526,106.9240473502794,110.85294346743035,198181300
2016-11-17,111.04046630859375,111.76248653149301,109.34326164695433,109.56830365943617,99072400
2016-11-24,110.17779541015625,112.0625409773016,110.14028721707378,111.1717374879946,69600100
2016-12-01,110.98422241210938,111.12487637142377,108.0398967206802,110.14030581018054,148008800
2016-12-08,112.71892547607422,113.56284200295656,110.81542923730215,111.03109957626644,146924700
2016-12-15,112.95333862304688,113.56283424828435,111.92188834015997,112.86895055309955,88726000
2016-12-22,112.74188995361328,114.28423759248483,112.52558903938157,113.29676285881735,59738300
2016-12-29,113.0334243774414,113.24032587372363,111.10548644402338,112.71366556270227,97073200
2017-01-05,115.61029052734375,115.64790963947256,112.94879753890379,112.94879753890379,100490400
2017-01-12,115.71376037597656,116.02411272089009,114.35950081643624,115.19650646778737,63591500
2017-01-19,117.96142578125,117.98963832026736,115.2717203765503,115.88301836400237,84913000
2017-01-26,117.96142578125,118.4222473271273,116.47550320870174,118.12130161908944,98064900
2017-02-02,118.96771240234375,119.13699480976261,117.42536476813257,117.75452301169382,73798900
2017-02-09,121.59160614013672,121.64804558041436,119.02416409121838,119.08999575464928,84803500
2017-02-16,122.72954559326172,122.81418321513432,121.24362293608269,121.6668253956698,61252500
2017-02-23,123.61358642578125,123.83928676834996,121.67624861753187,122.9176435523355,90534600
2017-03-02,122.95529174804688,123.60419469876264,122.45685093577413,123.58539590034964,76977200
2017-03-09,124.23428344726562,124.52582260534952,122.39098277808692,122.92704975925359,90238300
2017-03-16,122.90824127197266,124.54462611811512,121.95837118519121,124.46940223917343,114816800
2017-03-23,124.63404083251953,124.68116432888651,121.94815972039478,123.00367139474116,99183600
2017-03-30,124.3701400756836,125.79317733105673,123.98374761969802,124.58689085681759,105045300
2017-04-06,123.38063049316406,124.93561959142559,122.9848190081717,124.49268461010917,100928200
2017-04-13,123.91781616210938,124.67173460548632,122.87173778484043,123.21100683638907,67614400
2017-04-20,127.16915130615234,127.70631897993691,124.22882876314395,124.41730839640039,111685600
2017-04-27,129.10110473632812,129.57231102715045,127.40475921335279,127.48015394549334,105896600
2017-05-04,130.42987060546875,130.64663581144885,128.69583523806034,129.0822277738627,96166200
2017-05-11,128.23406982421875,131.59847481538932,128.21521754867337,130.07177123788946,144880200
2017-05-18,131.7303924560547,131.79636822064668,128.04555684715234,128.18692732267633,133139100
2017-05-25,133.15350341796875,133.67183335435578,131.94721613696547,132.2299428640928,91316000
2017-06-01,135.1607666015625,135.45291210566987,132.86127835235988,133.42673146874645,114306500
2017-06-08,131.7021942138672,135.61320174260527,129.55349409194707,135.46242661726677,350941900
2017-06-15,132.63510131835938,132.70106269627192,129.57226159646095,130.37330335722356,219537600
2017-06-22,132.31607055664062,134.46116423847877,130.16151784884704,133.20435384163827,203549500
2017-06-29,129.96310424804688,131.76801959201646,128.61178970688454,131.76801959201646,232581300
2017-07-06,132.95863342285156,133.10983362696058,128.328238921162,128.97081815975775,177817900
2017-07-13,136.0581817626953,136.2566338566987,132.86415998003287,133.1192941332913,150462400
2017-07-20,136.8992156982422,136.97481581072202,135.46285681886692,136.407836595994,149280700
2017-07-27,136.02984619140625,137.92926491358588,134.4706352104138,137.79696831167894,214446800
2017-08-03,136.1905059814453,137.46623468353368,134.93368091577483,136.16215773644333,141499500
2017-08-10,136.34173583984375,136.98432984433916,133.13825368576016,135.41565932377242,200777400
2017-08-17,134.8391571044922,136.02038174179518,132.46724880447027,135.81248505209018,230050900
2017-08-24,136.6912841796875,136.91808445936294,133.29881110445308,135.14151831668045,138044300
2017-08-31,137.14495849609375,138.524621286521,135.69914018129953,137.0788029717268,136291300
2017-09-07,138.36395263671875,138.3828562717545,136.13379953771013,137.40006911937851,136445100
2017-09-14,137.35279846191406,138.52456400443185,136.29441144446048,137.82528828886356,161684400
2017-09-21,136.81060791015625,137.56823501240012,134.57557327659117,137.55876973140582,168370100
2017-09-28,138.2974395751953,138.59102218826422,136.166581247144,136.47910886935512,140699400
2017-10-05,140.2009735107422,140.29568408697685,138.65729516391332,138.79934657746028,100490500
2017-10-12,140.9776153564453,141.3090880531504,139.80327022183292,139.99269144898483,85089200
2017-10-19,139.62326049804688,141.14800814634583,138.58151651182504,140.15361944377128,143619300
2017-10-26,144.04603576660156,144.73737690045394,139.1403186181974,139.53807712469364,175929600
2017-11-02,146.3189697265625,146.35684530211546,142.78648343570168,143.88504853646924,124617100
2017-11-09,144.51010131835938,145.91174325242798,143.74299448259532,145.1162116719961,123249500
2017-11-16,147.4459686279297,147.58802010849112,145.2109338119546,145.23934410806686,122107100
2017-11-23,145.7128143310547,148.39296206099868,145.01199356801277,147.5974451629337,128147600
2017-11-30,145.3719024658203,147.38911980833458,144.0081507103633,146.32841597030742,236182400
2017-12-07,147.7300262451172,148.20355025640902,145.21087503685118,145.362406188658,126298200
2017-12-14,149.1885223388672,150.36286747091032,147.46490189187966,147.9857669129756,171643000
2017-12-21,148.56092834472656,150.18377359695214,148.00100495494587,149.70925930438673,86276000
2017-12-28,151.873046875,152.00591030078726,147.7637512674712,149.03544612586745,120536700
2018-01-04,153.91346740722656,154.72963266736537,151.92051582853554,152.39503017789465,133713900
2018-01-11,157.3394775390625,157.9373703137953,153.94196719653542,154.17922439526683,133317900
2018-01-18,159.82591247558594,161.56263657819406,156.72258485085814,157.0927054313466,183728300
2018-01-25,160.7654571533203,162.23645454519246,159.2565049848256,160.92680477679556,185677900
2018-02-01,152.04385375976562,161.0785941425835,147.19431781972776,159.5316876221464,421454400
2018-02-08,154.38795471191406,154.62521184503245,142.47765821419122,152.43295825198263,354965000
2018-02-15,156.41888427734375,159.17106113416725,154.16019181404437,155.77353736739005,191837600
2018-02-22,158.68710327148438,162.02767403698218,156.00135017782205,157.10221251955025,211584200
2018-03-01,160.31942749023438,160.49026020357854,153.7047101074328,158.77252040050286,236885500
2018-03-08,162.92922973632812,166.27931415338614,160.33838560744115,160.98373261187263,197949200
2018-03-15,158.41184997558594,163.7359009269314,157.19709454292843,163.04311411323462,209321400
2018-03-22,149.4768524169922,157.57569770301308,148.32665849017314,156.47303508804143,372458000
2018-03-29,151.84378051757812,153.71640116794242,146.2734498808412,150.28484913653847,284100700
2018-04-05,152.3571319580078,153.99211108794557,148.17463597718248,153.3552318752237,234655100
2018-04-12,158.21255493164062,158.74487074034644,152.7277730010834,153.27910423281955,168363600
2018-04-19,150.8076934814453,157.78487760755735,148.73546102075247,157.41415645612494,239289500
2018-04-26,153.82095336914062,156.28292153058499,152.2239912478526,152.75630712010872,204824500
2018-05-03,159.58143615722656,159.6954997298718,151.34950989244635,153.0415205744605,189543400
2018-05-10,160.62701416015625,162.3760707128104,158.72587771535305,160.09469827633455,145880900
2018-05-17,161.2164306640625,161.23543159166098,158.63088306723043,160.0662363452595,122688200
2018-05-24,161.7677459716797,162.0529194324633,159.54341908571183,161.16889765901126,119043300
2018-05-31,167.16696166992188,167.19547756194655,161.24492451892235,161.7677255423901,151489700
2018-06-07,167.12890625,168.38364871936602,164.61939230222893,167.19543848099843,154070700
2018-06-14,168.4882354736328,169.1821462890706,165.1232299877709,167.89888775404359,188438900
2018-06-21,161.68528747558594,169.44900989571934,161.57097977802803,169.27753381381567,243193900
2018-06-28,162.70462036132812,165.22901288582165,161.15187258084504,161.48528949641383,140098900
2018-07-05,168.05816650390625,169.29655292038655,162.92363853495098,163.76193356190322,150177000
2018-07-12,171.40187072753906,172.0877461300741,168.68696058344366,168.80126830534286,131640100
2018-07-19,174.1549072265625,174.25967961432244,169.31568169240566,170.78268408345338,161103000
2018-07-26,168.7250518798828,172.71646108715703,166.01014183928842,171.79243494217886,244909600
2018-08-02,173.39276123046875,173.70712189058625,167.45803547472923,167.5342454410212,153497800
2018-08-09,170.73504638671875,173.9739055881849,169.67765638384355,173.28803020601885,158201600
2018-08-16,172.478271484375,172.84026522251096,169.8205159009559,172.04960310454175,133044500
2018-08-23,177.88906860351562,177.98432017101084,171.9448213473999,172.17345127340815,127708500
2018-08-30,174.75497436523438,178.63207459658972,174.15484450735468,177.54610802570662,129655500
2018-09-06,173.92628479003906,175.04082873075006,171.88771463141396,174.8312548750023,185173400
2018-09-13,174.0405731201172,176.18392996774318,172.58309162657702,175.01223229433361,159149200
2018-09-20,175.5361328125,177.17461089202826,172.70690115980096,175.24082825204422,168334900
2018-09-27,177.45530700683594,178.96313015608405,176.47236130854873,176.56779886753327,143308700
2018-10-04,163.8848876953125,176.85406943240076,163.66539881791252,176.7395414671151,394316400
2018-10-11,169.19090270996094,170.11659162854338,160.14397905059633,163.2073439002283,449015500
2018-10-18,157.78683471679688,168.60879048967104,157.50053658572938,168.5515337758031,398883600
2018-10-25,162.06219482421875,164.2189469987093,152.7766756386168,160.23944501704926,492736500
2018-11-01,167.5590362548828,167.5590362548828,159.44733906093396,162.30075308079168,253827100
2018-11-08,157.65318298339844,167.2917915777428,156.746584645132,166.7764521859882,292876400
2018-11-15,153.04385375976562,160.84062399768908,149.9518751683189,157.36690976662038,351544100
2018-11-22,160.99330139160156,160.99330139160156,151.82231293503108,151.82231293503108,172265400
2018-11-29,158.14942932128906,165.39269253964653,157.95856881563182,160.3157331928928,202974900
2018-12-06,157.51004028320312,159.9435518007928,152.12769242113015,154.96201537335338,338946800
2018-12-13,147.47064208984375,159.19920913654272,146.33500224315418,158.54072791036302,323258600
2018-12-20,145.4951934814453,148.74940377045382,136.90633946289236,147.10797717085916,395276900
2018-12-27,148.22750854492188,149.06013512421805,140.76253577532745,143.91121535021495,275272900
2019-01-03,153.91241455078125,154.58234500455202,143.0690626090867,146.04548147112916,297469200
2019-01-10,155.3766326904297,156.74520329949513,151.7781255496696,152.74475265448908,174516600
2019-01-17,155.1852569580078,158.88904096807372,153.4338727635191,154.87900933070338,191330000
2019-01-24,158.56365966796875,159.13789414287444,154.07511811590027,155.69251650021894,174555600
2019-01-31,163.19577026367188,164.00925200860885,159.31972433919626,159.53984121095704,152247300
2019-02-07,163.66464233398438,164.76525541581867,159.41536487914257,161.76969289839718,148307200
2019-02-14,164.8514862060547,165.64583764525997,162.53543224514573,163.08094190617183,114929200
2019-02-21,166.1338348388672,167.1578824443071,163.3775485860359,164.4111468037335,132653300
2019-02-28,166.1051788330078,168.23939088837886,165.06200045561977,165.61708981506902,144094700
2019-03-07,169.40696716308594,170.28744908180946,162.06641483118204,165.6840530942922,185608600
2019-03-14,172.03883361816406,173.0915915888175,169.07199547034992,169.52180891204873,181876900
2019-03-21,170.568603515625,175.295442175383,169.32218918149601,171.83421236130826,229904300
2019-03-28,176.206298828125,177.29931806009,169.9358231563183,171.00966250562735,150821900
2019-04-04,177.82669067382812,177.88421570333702,175.1228972471756,176.25427647072883,127097900
2019-04-11,179.43740844726562,180.18526291754938,177.01167273186465,178.12387181124785,123563500
2019-04-18,181.89190673828125,182.8506959444438,178.61283477883853,179.7346310244155,105159600
2019-04-25,181.1440887451172,183.4356096383702,180.4537737817116,183.2534372970684,143885600
2019-05-02,178.1143035888672,183.36846518779265,176.90621963151142,181.08654182831145,208851500
2019-05-09,175.54470825195312,178.2293208941332,170.72199982505578,176.12957023960678,265369000
2019-05-16,173.56004333496094,178.40193223021,171.94926970196383,175.62143447978755,178538200
2019-05-23,168.77566528320312,172.43824712722204,167.87440107530475,171.5657454255364,138197200
2019-05-30,168.94827270507812,169.964587044631,162.29427247597343,169.2263151710078,233853800
2019-06-06,174.8256072998047,177.75949971102168,168.4880105346091,169.23586488923456,186205200
2019-06-13,179.39906311035156,179.98392515747273,174.44212427883244,175.5543233569585,146789600
2019-06-20,178.13343811035156,181.94942964020603,177.04041901319798,181.90148725446133,156794400
2019-06-27,183.9564208984375,183.9564208984375,178.71946979250083,179.17109819448493,105741900
2019-07-04,185.03265380859375,185.5419344582197,181.27549571151147,182.69765173528705,86582400
2019-07-11,184.68673706054688,186.59895156159084,184.31198307577355,185.31133681004252,96510100
2019-07-18,187.5214080810547,187.53102655609067,183.23576163553466,183.8122983076216,121429400
2019-07-25,183.62973022460938,187.90577267885928,181.9193132429094,186.8872114046232,124650100
2019-08-01,177.04750061035156,187.35805108590404,172.19490675207004,183.9468208689551,285393400
2019-08-08,175.61578369140625,182.26527448867682,175.28907803849796,177.8451003726192,187912300
2019-08-15,181.25631713867188,181.8328538932546,174.07832384366452,175.84639335075008,132281900
2019-08-22,177.85462951660156,182.05381149175355,174.4626221822896,181.59256465061452,157020200
2019-08-29,180.968017578125,181.58299883267725,177.79701452777672,180.06476065312117,101235000
2019-09-05,184.90774536132812,185.0038421436764,181.52535562486253,182.96671938622436,126636300
2019-09-12,184.99423217773438,187.09862554530332,182.67843762587842,186.04161962386826,127413400
2019-09-19,182.64962768554688,186.45482001477905,178.93091366781744,185.32095416446893,153137000
2019-09-26,177.21197509765625,183.50898736684425,176.22024396480728,182.77722901103542,174819100
2019-10-03,180.2738037109375,182.69055860131996,175.06481364655775,177.19269686434816,145022800
2019-10-10,185.8679656982422,186.76342098675119,180.16791361127278,180.32197264678288,124820700
2019-10-17,185.07843017578125,187.27371990731368,183.62453666249192,186.9848629022431,99767900
2019-10-24,189.6712188720703,190.48000675375457,185.57911948769686,186.39753054944478,99658300
2019-10-31,192.33828735351562,193.09894461574697,188.6602199137229,190.2200271570608,102724000
2019-11-07,194.10031127929688,194.6972863730993,192.12647211218484,193.30114655536846,73791700
2019-11-14,194.63949584960938,196.26670946876172,192.7812083762006,193.36854557556543,107291500
2019-11-21,198.3849334716797,198.3945713417646,193.2818575642336,194.42763282995017,84569700
2019-11-28,194.90911865234375,198.18280739334784,191.82801107224802,197.88432716257168,84265800
2019-12-05,197.3643341064453,197.95167124556102,194.34099572440948,195.6023226890982,86082300
2019-12-12,201.76454162597656,202.32299451016036,196.89253936794717,197.1621352855703,117867400
2019-12-19,204.04649353027344,204.62420749109333,201.83194293629896,201.85120398616,76402200
2019-12-26,205.1546630859375,207.0362818516907,203.7555114254404,204.8169302227672,75188000
2020-01-02,209.53549194335938,210.49078226740906,204.79767539054683,206.881922433618,128680200
2020-01-09,212.44960021972656,213.45314021805189,210.07586989533303,211.2627350575298,118362600
2020-01-16,216.0198516845703,217.25496649446433,213.05751083893898,213.51103116860492,85012900
2020-01-23,214.03207397460938,217.95936362918985,209.56442346972557,215.89440482339995,161853400
2020-01-30,220.21734619140625,222.1761619900103,210.63553923621328,212.65226347102288,186218500
2020-02-06,226.05516052246094,226.16130388344226,219.98571558551424,220.76731000559099,124500200
2020-02-13,228.670166015625,229.1429892053056,224.2121734867819,224.48235395981894,92836700
2020-02-20,208.88897705078125,228.64118371934856,207.2100007605452,228.16837532668632,370424500
2020-02-27,210.56797790527344,211.9092360811077,191.2210409792981,203.50465129959883,587969900
2020-03-05,188.37448120117188,208.7731923614902,185.37353484400026,205.23188513496916,474725900
2020-03-12,170.4074249267578,187.66044239132702,160.95106464019284,175.7049054838339,600170500
2020-03-19,175.90753173828125,182.86470002947874,159.1466123726416,169.5293152122763,548156900
2020-03-26,176.2920684814453,188.80493023943686,174.88993494669364,177.80057158118404,304464200
2020-04-02,193.9492950439453,195.9703016829044,174.99627501194743,175.25736658292195,284561300
2020-04-09,202.51686096191406,205.48552957755675,192.18940707547955,195.67057959624822,222102100
2020-04-16,204.0060272216797,209.36314915654853,196.90831909232222,204.70226169947517,278791600
2020-04-23,211.77099609375,212.70897839840958,202.58458302119007,204.79898557485373,209541300
2020-04-30,211.77099609375,213.7436509349779,204.15110347613896,212.6896344499841,199233800
2020-05-07,212.0997314453125,220.57057921484179,209.5565559995538,214.4978789467436,212766500
2020-05-14,223.751953125,224.10973492341736,208.86030386815833,210.77494111429957,223348900
2020-05-21,222.6882781982422,225.86002121748783,216.54789620591743,223.8003263382665,161126200
2020-05-28,228.87705993652344,229.63131159699964,221.20881504820346,221.54726773782363,189864200
2020-06-04,238.0924530029297,239.63964403581505,225.96638127709178,228.52891550311395,212149700
2020-06-11,235.57830810546875,237.39625564015262,223.82937508275552,234.16650971564323,273901000
2020-06-18,235.665283203125,242.8596807991074,234.16644483746413,235.25913417079434,182869200
2020-06-25,242.64273071289062,243.64046200339658,229.9143772315098,236.16231063520007,197741600
2020-07-02,251.8451385498047,252.7072712120854,243.82454669920088,245.09350523236031,133550000
2020-07-09,252.7266082763672,261.3381195917651,244.84161599869864,253.7630947777351,264060700
2020-07-16,256.6304016113281,260.0013925965812,247.61206288594903,249.93687100336467,196451400
2020-07-23,251.63201904296875,256.93065826052896,243.446754988924,256.2235463269644,200723000
2020-07-30,262.55859375,263.013870876457,248.51284654161825,249.66556884984922,174065800
2020-08-06,263.34326171875,266.36554440681374,256.33977925941963,262.3649227068319,189983700
2020-08-13,267.4504089355469,270.2789152960766,262.2389476020619,264.1181740954345,143027100
2020-08-20,282.8136291503906,283.0654934728427,266.2493226489185,266.65617812660724,175974100
2020-08-27,293.2752990722656,293.9921072711585,279.66543254733637,283.7919869064527,200877700
2020-09-03,269.17462158203125,289.2648724991753,261.212135332185,288.7611736236806,398448800
2020-09-10,266.0069580078125,273.3592032382111,258.53850644875524,272.1386672683156,264172600
2020-09-17,255.884521484375,265.80371805010236,251.961380270602,259.1683057633688,314956700
2020-09-24,269.1358642578125,272.28404871781424,253.03653799527876,253.2012252664126,260743200
2020-10-01,271.1507873535156,274.0180493394519,264.873779648756,272.9621999858729,230946100
2020-10-08,282.9105224609375,288.1413486860653,271.5286191989233,273.5531414232497,236204200
2020-10-15,275.2869873046875,284.0825189095031,273.9308519772753,278.20270042977336,181343200
2020-10-22,263.13018798828125,277.02094681858057,262.87832370165825,276.12005900932746,179248400
2020-10-29,277.9217834472656,279.7234998025476,258.60645470402346,264.4475477071823,268404300
2020-11-05,280.6825256347656,289.7686775268221,271.82884566030236,284.3344099607934,284678900
2020-11-12,281.02154541015625,284.5378310725687,278.251156440702,281.65120614097464,139303000
2020-11-19,286.9982604980469,287.63758783613304,279.04546828791035,280.46941791329857,123344900
2020-11-26,294.3310241699219,295.58061945900494,285.5451611080777,288.96457244643085,96140600
2020-12-03,291.87066650390625,298.93229628740437,290.8051209953174,294.6410848262372,130192600
2020-12-10,299.30035400390625,300.08497613934964,288.7514993094539,289.83640746900375,134255600
2020-12-17,298.5447998046875,302.2063797337275,294.0889015344697,300.8986662815994,149377000
2020-12-24,303.7148742675781,305.38401173266556,299.2703267374079,299.3479479523614,83292700
2020-12-31,298.4454345703125,305.96625154909617,296.15520909691486,303.61780276507176,149050300
2021-01-07,306.69403076171875,309.9449700326482,301.0752451308657,301.1043567822128,149262200
2021-01-14,314.1955261230469,315.1368426570693,301.3955758581478,307.1405238048334,113883900
2021-01-21,309.9837951660156,320.55176983194656,307.975002187599,315.5346442641073,166582700
2021-01-28,316.7283935546875,320.43543677138626,303.5111648361624,311.18725624933313,192496600
2021-02-04,322.909912109375,325.5397636573132,316.80591178959156,318.125709249461,111211900
2021-02-11,324.0550842285156,328.18911786937593,320.40629430653246,324.4432495884987,100834000
2021-02-18,314.5448303222656,324.11323612446387,301.8031060271392,320.4644470065921,274099000
2021-02-25,300.0175476074219,314.73892493967793,299.959324292056,311.8858936414069,398758000
2021-03-04,301.68670654296875,307.1113963212682,288.6538636594905,299.64880151485806,506254300
2021-03-11,312.3807373046875,314.61273925959887,302.181560141554,306.4320094970377,298940700
2021-03-18,302.64739990234375,311.5947479647751,300.50276214251545,307.49954029162075,335618200
2021-03-25,310.0838623046875,311.648210590427,298.6766569037692,301.18351050193246,296524800
2021-04-01,322.21978759765625,323.39548024403143,313.6595210761433,313.9121605209494,163441700
2021-04-08,326.9712219238281,331.41165714794397,323.4829884233753,325.0764851980366,165377000
2021-04-15,329.67242431640625,332.52908884511197,324.5032190118415,329.8473148828526,186415900
2021-04-22,329.390625,332.4513284168412,324.54208222110714,329.28375731949257,179932900
2021-04-29,319.7031555175781,333.0828137719801,316.96308548299095,332.66500987626625,217068300
2021-05-06,307.9073486328125,327.107205169963,307.0425626251222,319.4408730604357,323967800
2021-05-13,313.4457702636719,318.05139941188565,307.3340600565673,310.85147143430527,256490400
2021-05-20,324.65863037109375,325.31934771929764,314.7089067427966,314.9323680988717,185997500
2021-05-27,324.0173645019531,326.271608230225,322.03518262691966,324.21170710534545,111052400
2021-06-03,327.2918395996094,329.6724031045335,318.97448602408576,321.1801293212977,157174300
2021-06-10,331.34368896484375,334.7541738155296,327.185011671846,327.6319641402578,174115900
2021-06-17,337.88299560546875,339.0295700077613,330.28468289138556,330.3332537365754,204260300
2021-06-24,344.7826843261719,345.5609267614072,339.3448433347791,340.2106324776821,162544700
2021-07-01,351.12530517578125,352.88603636745694,343.0803875043163,344.4325673107308,136124800
2021-07-08,353.1875305175781,355.54164341781996,344.77298257458796,346.0570306624862,186851600
2021-07-15,351.7186584472656,353.30429605794296,342.45779500293855,353.1000203820823,237501800
2021-07-22,355.8724365234375,358.8491734976284,350.356785244575,351.9229483007968,190650400
2021-07-29,357.3412780761719,358.2946139009511,352.1466324200297,355.3081698657896,154651900
2021-08-05,356.2420349121094,359.84133561003733,354.9093300166822,358.1584142027293,150116800
2021-08-12,352.3509216308594,359.111759996073,352.02017972469156,355.73620946732234,163498100
2021-08-19,364.5981750488281,365.1721417557122,350.1621137928312,350.4150462611591,164194900
2021-08-26,370.2208557128906,372.29288329765626,361.8452283625395,363.74216255090784,141300200
2021-09-02,370.41546630859375,372.36102787955895,368.1489001406612,371.57307781827114,106978200
2021-09-09,367.7598571777344,371.7482653452872,363.2072490740127,370.639310406293,194314700
2021-09-16,359.51068115234375,368.58671481650094,351.1058390659539,366.42713980988026,261209000
2021-09-23,349.8882141113281,364.2623887792943,349.2649595317056,361.068131044172,279825100
2021-09-30,350.26800537109375,353.19930180410483,341.16241450775095,351.53401063772804,298565500
2021-10-07,350.5893859863281,356.1306483813096,347.1614115780452,353.31618043384515,200106600
2021-10-14,365.1777648925781,366.72619758724636,353.52066807816374,354.1828852583061,178848600
2021-10-21,370.0664978027344,373.1341483537132,362.65544352014797,364.37916361340814,187294700
2021-10-28,382.9020690917969,383.32082154186554,370.74832161551046,371.9656459841983,164966600
2021-11-04,379.3280029296875,390.5078903669912,377.399750524378,384.16808557285714,218333500
2021-11-11,387.2357177734375,389.271080351987,379.9317722772803,382.3079915896165,157266700
2021-11-18,388.3362121582031,398.02609606255146,382.27880505991624,389.2808570338467,269681700
2021-11-25,377.00048828125,390.70269870245414,376.5330547377322,385.7554757547776,265079600
2021-12-02,389.16387939453125,389.3684112346581,368.9952627124549,375.71488557220925,352563800
2021-12-09,386.6708679199219,389.73854884575434,373.6016912447513,387.93690298831496,301743100
2021-12-16,383.6519470214844,388.0635291964555,367.60273238529453,387.63502865550106,314362400
2021-12-23,391.55267333984375,394.5072348099386,384.32718490174284,384.4929357793847,127778400
2021-12-30,374.7224426269531,393.52243241533785,374.4689062551625,391.3381808630136,232945900
2022-01-06,377.7062683105469,380.4853186605125,360.1153964880952,372.8990161948207,358109200
2022-01-13,357.3559265136719,379.77354552278024,357.09262953464446,379.0909611980819,315357600
2022-01-20,335.99127197265625,364.56178002061813,325.8306848898044,360.5833725884326,701643300
2022-01-27,359.3157653808594,360.8856969926452,329.53613534903667,340.70104903292236,450960100
2022-02-03,357.5996398925781,357.67763506227124,343.20710582425176,349.6037810195544,360388500
2022-02-10,347.1757507324219,357.36556129051877,335.3282528356396,350.5690908143695,408367900
2022-02-17,321.2184753417969,344.659932370599,320.9064352088548,343.9578569503719,313985400
2022-02-24,338.5753173828125,339.91120393884023,310.336338453502,310.90188518782674,424987700
2022-03-03,326.6497802734375,341.3250998876499,311.9744904170104,341.21782307183753,418836800
2022-03-10,331.8471374511719,331.9641450771997,309.54653140443224,322.5836567919735,397107700
2022-03-17,343.0705871582031,348.94072817549124,328.6488305156506,329.94570483470744,361016800
2022-03-24,358.39312744140625,363.02082076208103,343.2603438440331,345.4179775499519,304804100
2022-03-31,344.8907775878906,360.56051833739053,342.2547325110714,358.5395524314673,320305200
2022-04-07,338.1445007324219,347.90758705474053,330.03137838214104,343.8949430830886,325998900
2022-04-14,333.1263427734375,339.32591008631806,327.83476535785474,338.23244891385445,254095700
2022-04-21,309.25555419921875,339.62850363859303,307.5372413482148,337.012003466075,477142800
2022-04-28,321.79132080078125,322.4649761189373,302.3139522958909,314.22492914415363,501208600
2022-05-05,284.9259338378906,317.54441181351524,284.0570345685375,317.46632022537364,672018200
2022-05-12,284.2425537109375,299.29721847714796,278.1894273315437,280.63997191395765,405978600
2022-05-19,284.3597106933594,287.41556200525616,273.57148057391413,282.4363811650953,375968900
2022-05-26,298.7503967285156,305.2428422017735,283.27590126585324,283.55903906928484,252757800
2022-06-02,300.3517150878906,307.10775668351823,295.51897361962995,297.6278046351663,255233400
2022-06-09,276.1000671386719,301.72816853624323,266.86419589178047,298.6625749479602,387054900
2022-06-16,274.0205993652344,278.4237317183554,262.9004280201496,269.0609340602586,283720300
2022-06-23,277.6089782714844,290.11018530472626,274.1951211015923,277.03185252239797,288944100
2022-06-30,282.4998779296875,284.6030000217629,269.76391718704053,274.62549889585114,261012700
2022-07-07,279.4186706542969,290.27653522972156,273.91148173868027,283.31185953142426,301526000
2022-07-14,296.4194641113281,297.6030598613805,273.6962108505751,276.8166240704034,310021500
2022-07-21,300.1170959472656,301.819129193485,287.136584889197,296.8793042756041,272138000
2022-07-28,315.8463134765625,316.6679856702518,296.1456442347497,299.90187277097994,261411900
2022-08-04,318.8200378417969,319.3482664448581,308.5393270852633,315.9246167117195,227970000
2022-08-11,321.3241271972656,327.1247895721106,316.3060310893406,321.14806098165263,214121800
2022-08-18,308.1382141113281,323.28050606474204,306.1622603589617,321.2752377942341,222360900
2022-08-25,292.7415771484375,314.4964439568274,291.92969628133875,309.9185129212744,256696400
2022-09-01,292.4480895996094,297.1238146074234,284.52478190637487,290.2471724543692,228923300
2022-09-08,289.5722351074219,304.2939140640147,286.4029238289603,290.3743543340463,292150100
2022-09-15,277.374267578125,290.06133423087647,277.23733713622914,287.6550063497382,332035700
2022-09-22,274.3252868652344,277.3533075997194,266.56412398536156,276.34396735489105,358181200
2022-09-29,276.324462890625,278.1177462333328,261.7428996703427,270.3271838973794,343429000
2022-10-06,257.39190673828125,278.4802754582537,255.794594399401,275.3248568854185,302339800
2022-10-13,265.06488037109375,271.6501012072358,249.16040319537316,250.04236122594105,377611300
2022-10-20,272.35565185546875,278.8918872487985,261.4684954410139,264.17311878868645,324973700
2022-10-27,260.3513488769531,276.4126351592103,260.28274566333494,271.2385353317681,293852600
2022-11-03,258.0386657714844,267.37752382029873,253.88368602347657,257.7348857540645,323761800
2022-11-10,279.7150573730469,287.3782222365649,268.3575165137486,270.4741979287753,344354400
2022-11-17,283.0272216796875,283.6543698199924,274.83488041302155,275.24646974376475,237397600
2022-11-24,287.47613525390625,287.5839445614341,273.57076815643063,281.4299021949949,164550000
2022-12-01,274.90350341796875,289.81824221882255,273.18860257643723,287.7995613349453,246164500
2022-12-08,280.7635803222656,290.92558813277003,274.17835977783153,276.2558349063766,271840000
2022-12-15,267.96551513671875,277.33377096460595,261.5958835015592,276.6673867730576,270481300
2022-12-22,255.4935302734375,265.7191685793944,255.13008791874358,265.59146613539934,184800000
2022-12-29,261.0335693359375,265.365469083844,257.48751907553935,258.30280606816814,173842100
2023-01-05,272.6343994140625,272.7424668315669,255.7292079507637,259.36369056742706,224949900
2023-01-12,272.9585876464844,279.6479761696121,268.89189507625133,273.1943275135956,189427100
2023-01-19,282.63409423828125,285.07015237177603,269.0392147336657,271.3279354763585,253311000
2023-01-26,295.5905456542969,298.05607171572416,283.4101328564636,286.0623262830776,271711300
2023-02-02,298.9794616699219,308.12457486396374,296.8675451601587,302.1228001801026,324348600
2023-02-09,303.6256408691406,303.79261326970317,291.98550619933343,303.3702360481725,246004300
2023-02-16,289.0386047363281,302.967458765824,287.3785335463025,298.98919939155434,215645200
2023-02-23,286.0426940917969,292.8499526492161,284.9130372652858,292.6927827431181,299151500
2023-03-02,292.5453796386719,298.6159197603517,283.26273461581275,283.5476068802213,287645800
2023-03-09,293.6357421875,295.64945330001547,280.13909638757326,293.0463625941518,424407900
2023-03-16,300.69842529296875,309.6667322803247,291.9265881757716,292.72224018885566,370030200
2023-03-23,307.6570129394531,309.0638537984926,299.83571273831495,304.90235740962106,283918800
2023-03-30,310.8052978515625,316.42284507710855,307.7456328495146,310.1362841703309,276290800
2023-04-06,307.971923828125,313.3926970933753,307.5095318776062,309.1524779406079,194978100
2023-04-13,313.55010986328125,316.2162568622467,308.5523677449191,309.7329218557085,239606100
2023-04-20,306.8208312988281,314.10101956468696,304.8729066414752,310.57899284413486,278029600
2023-04-27,312.1531066894531,318.39045895386306,309.9493517083945,310.5888522750972,282557900
2023-05-04,319.87603759765625,320.7319476003551,310.0182409564984,311.9268349957704,230711800
2023-05-11,325.75921630859375,326.339660701836,317.7116563823819,320.4269820392812,213592200
2023-05-18,326.2806091308594,333.1869751520259,324.22444965322325,326.1527090158746,279892200
2023-05-25,342.3560791015625,348.19991370244827,331.21937119674044,333.649383429927,267627400
2023-06-01,343.1726379394531,351.71210219407754,341.04760457232754,342.1002885593598,261743200
2023-06-08,359.97613525390625,360.2614486098314,343.24154467560373,343.4678017996963,271580700
2023-06-15,356.0408935546875,366.813626896433,355.1161095955101,358.7070107015907,254653800
2023-06-22,359.1300964355469,361.0806932425227,352.28322504795324,355.2781187120547,245137500
2023-06-29,364.7848815917969,366.48921845817017,356.76569838686095,358.83450941631776,158757300
2023-07-06,367.28717041015625,368.6368341089447,358.0168159476616,361.0708163973325,245196700
2023-07-13,379.9267578125,382.2221962997353,369.8879800322931,370.4692205335861,252332400
2023-07-20,371.9173889160156,378.3997550060105,368.7845890453688,376.9318469650484,258791500
2023-07-27,368.8338928222656,379.1682067260305,367.5925821871892,377.38507037245597,278610700
2023-08-03,362.4501037597656,372.4888833673785,361.6915416246747,366.4202960925878,242477000
2023-08-10,357.1597595214844,368.80432280914204,357.0612375513833,365.46464749490883,261603700
2023-08-17,363.63226318359375,364.7258060263344,349.44597026761863,358.5586970101492,270793000
2023-08-24,371.2672119140625,371.8484825028727,353.2584966235526,367.1098674938352,277936900
2023-08-31,369.17864990234375,375.17826746257936,367.16894623155537,371.34601276066184,150874800
2023-09-07,368.6565246582031,371.8878465856506,363.6716200396045,364.7158866947461,215489100
2023-09-14,359.1300964355469,372.6563187821202,359.0512668296916,370.41015605021556,237890000
2023-09-21,350.2773742675781,356.94667272442956,346.64671622794873,355.96008708383334,270216200
2023-09-28,354.9241638183594,358.08124973021233,348.5014820323585,349.3598066730641,288173200
2023-10-05,366.2403259277344,366.42777960975275,350.0899236664356,354.9143118351179,251435200
2023-10-12,358.49560546875,368.72649334666954,357.16370888408494,366.7434767597447,251538500
2023-10-19,345.64044189453125,361.1100989534215,345.05835992536896,359.91633864745165,323771700
2023-10-26,352.171630859375,352.73399194682804,337.7576279143451,344.4368024126584,304061200
2023-11-02,367.937255859375,368.77585968611356,355.4667987528084,356.69018543617716,236732400
2023-11-09,380.44720458984375,382.54863712365847,364.6125148256876,368.6279261860053,274836700
2023-11-16,384.82757568359375,387.79720796616436,378.4147693009869,379.6775976612337,223803000
2023-11-23,384.5809631347656,388.85289600778486,382.84456269601367,384.42310581231493,124161300
2023-11-30,379.88482666015625,385.31104822324914,377.5269024008255,384.8473517217111,229438500
2023-12-07,398.32415771484375,398.93583611880285,381.7692485111766,382.8643744506925,232108300
2023-12-14,397.6729736328125,404.96385682804475,394.9697382936066,399.5475106574378,254708700
2023-12-21,406.7909240722656,407.0776138510691,399.84137437686564,402.40173161534517,134585900
2023-12-28,393.9787292480469,408.40937829276703,393.543563467669,408.1621092303507,174721000
2024-01-04,404.0376281738281,405.0464750326956,391.0213817444583,392.1093716025763,199925100
2024-01-11,402.76171875,406.75759512696,398.5186035024624,405.31355229857456,192420200
2024-01-18,421.1783142089844,425.15441993814665,404.69043049626544,406.0355596693675,254720000
2024-01-25,412.4151306152344,424.3532883545719,412.2371041320946,423.6806935556903,220948500
2024-02-01,427.2710876464844,428.10190816784615,413.2459920878741,414.2152977882371,224059000
2024-02-08,428.4876708984375,434.34301635384065,420.68384376548573,427.38978041995506,209621500
2024-02-15,420.9607238769531,430.2382638345189,417.0242197609672,429.1799751980741,196291100
2024-02-22,430.51519775390625,435.7770905171271,428.97224125705367,429.74371950547993,193436900
2024-02-29,433.99676513671875,441.70164719537024,428.9128988527652,433.44288486556104,224825500
2024-03-07,435.4407653808594,443.7391285837492,430.6833116196007,437.58707385981313,255712300
2024-03-14,438.92236328125,439.2586455892664,428.0128532849597,436.6771710258705,259246400
2024-03-21,440.55255126953125,445.0191932866467,437.6804433893789,444.56362505785347,170890000
2024-03-28,437.8487854003906,443.2265634257254,433.8179151473316,440.5030073451377,159778100
2024-04-04,434.1546936035156,442.6522065087003,430.92603161317794,442.0381429494094,241103000
2024-04-11,421.74517822265625,442.03813956375154,420.8142147138504,436.0265308089629,267092700
2024-04-18,422.40875244140625,425.5977906054682,409.097987080463,422.38892541501497,262413100
2024-04-25,417.4667053222656,429.5890275598198,414.11923236937,415.20863072713416,225206900
2024-05-02,435.82843017578125,437.720067457755,416.58527412162266,421.2103510019863,171194300
2024-05-09,448.54498291015625,448.79257895175203,434.24383312965176,436.0958466849283,150633900
2024-05-16,451.3279113769531,452.427253399749,445.21725865419666,448.35675919789384,143346000
2024-05-23,452.0509338378906,456.1511084115889,447.5050743169072,456.1213980967116,126524700
2024-05-30,459.0727233886719,459.1519408150762,438.7995604156062,451.11994057390797,177060400
2024-06-06,469.5906066894531,471.9180153282366,457.091964403713,459.7561000036638,125043200
2024-06-13,480.54425048828125,482.17837817373663,469.85802803769724,473.12628340860806,110724700
2024-06-20,475.7508239746094,482.1586105623527,469.26381995436805,481.7426661495187,160878300
2024-06-27,487.0911865234375,487.22014593921017,472.4300448304097,476.2589891366528,130790500
2024-07-04,498.9153137207031,499.47080791979505,487.63675324418637,487.93435888294783,104266700
2024-07-11,477.895751953125,499.2327852384646,477.82633787713144,499.02448246615256,200446800
2024-07-18,459.65362548828125,481.8040402167767,458.79062664163604,481.6254949944702,213791400
2024-07-25,467.28179931640625,468.9879687874832,450.4978517161766,459.990899824532,213336700
2024-08-01,431.2736511230469,471.7257048773544,420.04470742547585,467.96620513534884,328554200
2024-08-08,459.00885009765625,461.3696852946636,433.6345412110116,437.5131015857686,184077300
2024-08-15,478.6198425292969,480.4747995624965,464.6133972660788,464.99034623431106,155270000
2024-08-22,467.55950927734375,481.63539872729774,464.1273423400533,480.9410158700377,166136100
2024-08-29,456.9058532714844,474.08657660969084,454.0490390759713,469.47397702099806,152038300
2024-09-05,464.8514709472656,465.59543963584724,444.5857711356221,455.27907987528175,205581300
2024-09-12,467.6487731933594,474.9793285022384,463.0956887175817,464.88120135712376,161758800
2024-09-19,481.9131774902344,483.86733650718713,474.45363187157324,478.7289696244932,164705700
2024-09-26,478.74609375,490.41798182777444,474.22632315659337,490.09015863318643,151631800
2024-10-03,489.8716125488281,490.447773778929,475.8057422993988,476.55075642077935,134265900
2024-10-10,487.6465148925781,495.5138470620908,484.32872229968694,487.5869161878623,130236300
2024-10-17,485.1134948730469,494.14309358837124,481.82550131944987,493.13979810562296,148914600
2024-10-24,493.0801696777344,498.01713132223375,486.18630298747485,488.8385363841188,139034900
2024-10-31,502.218994140625,503.04349344647574,480.53412885796905,489.10676323192735,165628400
2024-11-07,508.84466552734375,512.1525453365812,504.960654779356,505.02025348630593,130347800
2024-11-14,499.8250427246094,509.3810557792298,491.2027225391984,508.5069313024877,161309900
2024-11-21,501.94085693359375,508.04999724456053,494.25232056954457,502.8746104312337,136243000
2024-11-28,519.781494140625,520.0397754194261,501.95080960390254,502.5666831320859,85165300
2024-12-05,526.3971557617188,527.0825711722308,515.7086768983852,519.8311125836885,119125200
2024-12-12,513.0365600585938,535.5658403611109,511.58630471039754,524.1720595789301,167620100
2024-12-19,526.4369506835938,526.5263184286074,505.90434749027804,517.725232538739,154202800
2024-12-26,508.6502990722656,528.5593061927827,507.6851925636333,525.6540577750083,116631100
2025-01-02,512.6699829101562,525.2561149641379,503.1581944407043,511.7048459220983,169027100
2025-01-09,514.0927124023438,515.236872995838,497.1784954401462,508.8990516264668,140921500
2025-01-16,528.8280029296875,531.1263442087582,510.3616593746168,516.3612003333661,137287900
2025-01-23,518.2019653320312,531.0965317127558,507.57583237695655,526.3704996973956,163589800
2025-01-30,524.1914672851562,528.8379459819749,508.47120693006605,521.0673580168153,153948200
2025-02-06,525.6341552734375,529.4149681065986,519.3162220342847,524.6988961391194,114227700
2025-02-13,536.797607421875,538.0810762342214,526.5197154851254,527.3057072919955,86809300
2025-02-20,511.9635314941406,536.3796809680159,506.86937183566545,536.0115528435413,196310600
2025-02-27,499.47686767578125,516.4507805009481,485.2788546511632,515.5155213110759,258888300
2025-03-06,474.5134582519531,496.064134409546,464.65346081716405,491.1988253107429,304688900
2025-03-13,478.4634704589844,483.38847481694677,464.07641295060955,473.8468690656388,211373300
2025-03-20,481.93585205078125,491.12921784138973,470.52372777727743,474.4736966068229,174244900
2025-03-27,474.453857421875,484.8466964880079,455.7008905287897,480.69156784689096,223884600
2025-04-03,464.3399963378906,466.16346405948764,400.95660499626445,454.8140537813506,593226700
2025-04-10,442.59771728515625,463.39336848721723,431.0888733116935,451.9443083466919,289193900
2025-04-17,452.94073486328125,461.729322993314,426.40559308702086,445.5770758065294,197091800
2025-04-24,473.7762451171875,475.5000933242452,454.20619365170273,454.8539024983983,195627700
2025-05-01,481.5783386230469,489.16124549604615,475.08157562625235,481.68796258501897,181636700
2025-05-08,516.832275390625,517.3803039371103,482.4452326083516,486.7896861861598,212719700
2025-05-15,511.21240234375,521.1369442471234,509.418826553865,514.6800470764439,264894500
2025-05-22,517.0614624023438,521.8144897137478,503.77896118331336,511.8301644545277,207838800
2025-05-29,526.8863525390625,527.9525481163902,510.10631585240725,524.4550422547188,256368500
2025-06-05,530.5133666992188,534.8678553808483,520.7980991681328,528.2913300999364,231552700
2025-06-12,527.1055908203125,533.4628684725823,523.8571940541876,529.1981465668125,213705800
2025-06-19,539.232177734375,541.3745430320896,521.7846053814468,530.3639190442925,202555800
2025-06-26,549.4542846679688,551.4493983093819,540.1969890325507,542.0224741764976,239642200
2025-07-03,554.8909912109375,556.2676245184426,548.2373041486874,551.8284844115477,150991600
2025-07-10,555.9284057617188,559.4298398627215,550.2124247955553,555.5294195743384,206375200
2025-07-17,562.4324951171875,564.6769979097833,555.8486446133206,556.6566631832137,213989600
2025-07-24,566.6322631835938,570.7122366166071,561.9137778659064,563.7493092654744,193302100
2025-07-31,565.9339599609375,573.2260981056011,550.3321562001565,573.1362911991629,272174500
2025-08-07,578.922119140625,581.8948188134602,563.7292882242131,570.2732581598319,196184000
2025-08-14,564.5174560546875,580.4583953245925,557.474707000813,576.867214953578,255269900
2025-08-21,572.0888671875,573.0066024398417,559.6094212735511,562.9711829814255,203013800
2025-08-28,568.67724609375,576.5878646817616,558.1729431399065,572.7073538863925,222925300
2025-09-04,579.28125,582.3437567038031,567.6397791104423,569.3455622833433,255555800
2025-09-11,588.5585327148438,591.4115306506092,580.1990015657398,581.8150387677348,246178900
2025-09-18,594.6436157226562,601.3970951010414,591.5113334776056,593.4565206321372,290906000
2025-09-25,602.4737548828125,603.0130380816322,587.7427347675676,591.4379859030544,267023900
2025-10-02,610.6532592773438,610.9628579603992,600.6162028581213,606.2788901705458,241048900
2025-10-09,601.445068359375,612.3909876002599,588.2920318328007,610.6931628720698,341047100
2025-10-16,604.7108764648438,612.0114678898185,594.7337408425592,604.3313605530159,294785600
2025-10-23,634.9519653320312,636.190360053584,603.7421751452346,604.1316269997335,273193900
2025-10-30,622.47802734375,635.0018696272911,616.4158305661566,631.3565418609173,277607300
2025-11-06,620.2808227539062,624.0559270220305,597.8996253937778,620.9898701267376,302183600
2025-11-13,599.09814453125,617.3246623212578,590.5791517493093,616.7453915373375,371710100
2025-11-20,613.4796142578125,615.3971266508202,579.9927293618233,610.8329997338716,381210000
2025-11-27,622.7177124023438,623.4167629201941,611.731866524331,615.3172129979025,166375400
2025-12-04,626.8024291992188,628.4004070267185,618.7428056869472,624.1258849143555,236331800
2025-12-11,599.6373901367188,624.9748011379703,599.5076134954934,623.0173012414599,308776800
2025-12-18,623.1271362304688,623.4767224337902,606.1390144909612,609.0153134604343,242537800
2025-12-25,614.3099975585938,625.52001953125,614.0499877929688,624.6599731445312,133391400
2026-01-01,617.989990234375,622.8499755859375,610.1500244140625,620.0599975585938,108687600
