Date,AAPL,MSFT,AMZN,GOOGL,META,XOM,BRK.B,JPM,JNJ,WMT
2015-01-02 00:00:00-05:00,0.0,0.0,0.0,0.0,0.0,0.0,0.0,0.0,0.0,0.0
2015-01-09 00:00:00-05:00,0.0,0.0,0.0,0.0,0.0,0.0,0.0,0.0,0.0,0.0
2015-01-16 00:00:00-05:00,0.0,0.0,0.0,0.0,0.0,0.0,0.0,0.0,0.0,0.0
2015-01-23 00:00:00-05:00,0.0,0.0,0.0,0.0,0.0,0.0,0.0,0.0,0.0,0.0
2015-01-30 00:00:00-05:00,0.0,0.0,0.0,0.0,0.0,0.0,0.0,0.0,0.0,0.0
2015-02-06 00:00:00-05:00,0.0,0.0,0.0,0.0,0.0,0.0,0.0,0.0,0.0,0.0
2015-02-13 00:00:00-05:00,0.0,0.0,0.0,0.0,0.0,0.0,0.0,0.0,0.0,0.0
2015-02-20 00:00:00-05:00,0.0,0.0,0.0,0.0,0.0,0.0,0.0,0.0,0.0,0.0
2015-02-27 00:00:00-05:00,0.0,0.0,0.0,0.0,0.0,0.0,0.0,0.0,0.0,0.0
2015-03-06 00:00:00-05:00,0.0,0.0,0.0,0.0,0.0,0.0,0.0,0.0,0.0,0.0
2015-03-13 00:00:00-04:00,0.0,0.0,0.0,0.0,0.0,0.0,0.0,0.0,0.0,0.0
2015-03-20 00:00:00-04:00,0.0,0.0,0.0,0.0,0.0,0.0,0.0,0.0,0.0,0.0
2015-03-27 00:00:00-04:00,0.0,0.0,0.0,0.0,0.0,0.0,0.0,0.0,0.0,0.0
2015-04-03 00:00:00-04:00,0.0,0.0,0.0,0.0,0.0,0.0,0.0,0.0,0.0,0.0
2015-04-10 00:00:00-04:00,0.0,0.0,0.0,0.0,0.0,0.0,0.0,0.0,0.0,0.0
2015-04-17 00:00:00-04:00,0.0,0.0,0.0,0.0,0.0,0.0,0.0,0.0,0.0,0.0
2015-04-24 00:00:00-04:00,0.0,0.0,0.0,0.0,0.0,0.0,0.0,0.0,0.0,0.0
2015-05-01 00:00:00-04:00,0.0,0.0,0.0,0.0,0.0,0.0,0.0,0.0,0.0,0.0
2015-05-08 00:00:00-04:00,0.0,0.0,0.0,0.0,0.0,0.0,0.0,0.0,0.0,0.0
2015-05-15 00:00:00-04:00,0.0,0.0,0.0,0.0,0.0,0.0,0.0,0.0,0.0,0.0
2015-05-22 00:00:00-04:00,0.0,0.0,0.0,0.0,0.0,0.0,0.0,0.0,0.0,0.0
2015-05-29 00:00:00-04:00,0.0,0.0,0.0,0.0,0.0,0.0,0.0,0.0,0.0,0.0
2015-06-05 00:00:00-04:00,0.0,0.0,0.0,0.0,0.0,0.0,0.0,0.0,0.0,0.0
2015-06-12 00:00:00-04:00,0.0,0.0,0.0,0.0,0.0,0.0,0.0,0.0,0.0,0.0
2015-06-19 00:00:00-04:00,0.0,0.0,0.0,0.0,0.0,0.0,0.0,0.0,0.0,0.0
2015-06-26 00:00:00-04:00,0.0,0.0,0.0,0.0,0.0,0.0,0.0,0.0,0.0,0.0
2015-07-03 00:00:00-04:00,0.0,0.0,0.0,0.0,0.0,0.0,0.0,0.0,0.0,0.0
2015-07-10 00:00:00-04:00,0.0,0.0,0.0,0.0,0.0,0.0,0.0,0.0,0.0,0.0
2015-07-17 00:00:00-04:00,0.0,0.0,0.0,0.0,0.0,0.0,0.0,0.0,0.0,0.0
2015-07-24 00:00:00-04:00,0.0,0.0,0.0,0.0,0.0,0.0,0.0,0.0,0.0,0.0
2015-07-31 00:00:00-04:00,0.0,0.0,0.0,0.0,0.0,0.0,0.0,0.0,0.0,0.0
2015-08-07 00:00:00-04:00,0.0,0.0,0.0,0.0,0.0,0.0,0.0,0.0,0.0,0.0
2015-08-14 00:00:00-04:00,0.0,0.0,0.0,0.0,0.0,0.0,0.0,0.0,0.0,0.0
2015-08-21 00:00:00-04:00,0.0,0.0,0.0,0.0,0.0,0.0,0.0,0.0,0.0,0.0
2015-08-28 00:00:00-04:00,0.0,0.0,0.0,0.0,0.0,0.0,0.0,0.0,0.0,0.0
2015-09-04 00:00:00-04:00,0.0,0.0,0.0,0.0,0.0,0.0,0.0,0.0,0.0,0.0
2015-09-11 00:00:00-04:00,0.0,0.0,0.0,0.0,0.0,0.0,0.0,0.0,0.0,0.0
2015-09-18 00:00:00-04:00,0.0,0.0,0.0,0.0,0.0,0.0,0.0,0.0,0.0,0.0
2015-09-25 00:00:00-04:00,0.0,0.0,0.0,0.0,0.0,0.0,0.0,0.0,0.0,0.0
2015-10-02 00:00:00-04:00,0.0,0.0,0.0,0.0,0.0,0.0,0.0,0.0,0.0,0.0
2015-10-09 00:00:00-04:00,0.0,0.0,0.0,0.0,0.0,0.0,0.0,0.0,0.0,0.0
2015-10-16 00:00:00-04:00,0.0,0.0,0.0,0.0,0.0,0.0,0.0,0.0,0.0,0.0
2015-10-23 00:00:00-04:00,0.0,0.0,0.0,0.0,0.0,0.0,0.0,0.0,0.0,0.0
2015-10-30 00:00:00-04:00,0.0,0.0,0.0,0.0,0.0,0.0,0.0,0.0,0.0,0.0
2015-11-06 00:00:00-05:00,0.0,0.0,0.0,0.0,0.0,0.0,0.0,0.0,0.0,0.0
2015-11-13 00:00:00-05:00,0.0,0.0,0.0,0.0,0.0,0.0,0.0,0.0,0.0,0.0
2015-11-20 00:00:00-05:00,0.0,0.0,0.0,0.0,0.0,0.0,0.0,0.0,0.0,0.0
2015-11-27 00:00:00-05:00,0.0,0.0,0.0,0.0,0.0,0.0,0.0,0.0,0.0,0.0
2015-12-04 00:00:00-05:00,0.0,0.0,0.0,0.0,0.0,0.0,0.0,0.0,0.0,0.0
2015-12-11 00:00:00-05:00,0.0,0.0,0.0,0.0,0.0,0.0,0.0,0.0,0.0,0.0
2015-12-18 00:00:00-05:00,0.0,0.0,0.0,0.0,0.0,0.0,0.0,0.0,0.0,0.0
2015-12-25 00:00:00-05:00,0.0,0.0,0.0,0.0,0.0,0.0,0.0,0.0,0.0,0.0
2016-01-01 00:00:00-05:00,0.0,0.0,0.0,0.0,0.0,0.0,0.0,0.0,0.0,0.0
2016-01-08 00:00:00-05:00,0.16109010412599398,0.0,0.0,0.0,0.0,0.1921972588157787,0.18495015593173064,0.07497962804978059,0.11224698833683255,0.2745358647398835
2016-01-15 00:00:00-05:00,0.15420745818784598,0.0,0.0,0.0,0.0,0.17148984442571857,0.20734124110096297,0.04734016140797863,0.11650978021727543,0.3031115146602186
2016-01-22 00:00:00-05:00,0.14304800260691045,0.0,0.0,0.0,0.0,0.19309217690195327,0.19824290643394318,0.06728724616995206,0.11037186753388703,0.287957800353354
2016-01-29 00:00:00-05:00,0.23143233964103405,0.0,0.0,0.0,0.0,0.17220396142387032,0.1942645171896933,0.050251049454792016,0.08281613224369204,0.26903200004691835
2016-02-05 00:00:00-05:00,0.2655114326357872,0.0,0.0,0.0,0.0,0.16742191219510497,0.21847135008905016,0.019498542713393324,0.05417756979623126,0.27491919257043296
2016-02-12 00:00:00-05:00,0.306925076085222,0.0,0.0,0.0,0.0,0.1506861111438982,0.2060153594704992,0.06542101218343789,0.0,0.2709524411169428
2016-02-19 00:00:00-05:00,0.3221366792845841,0.0,0.0,0.0,0.0,0.12281138700304443,0.19157840308756546,0.0740918652695189,0.0023569381653007347,0.28702472718998645
2016-02-26 00:00:00-05:00,0.31725173399999385,0.0,0.0,0.0,0.0,0.11712807345292624,0.18364853625137112,0.11237322992653397,0.011757835882293908,0.2578405904868808
2016-03-04 00:00:00-05:00,0.2855224883601171,0.0,0.0,0.0,0.0,0.12137470364808578,0.16235710096304443,0.10813580247078769,0.02775556726665279,0.2948543372913121
2016-03-11 00:00:00-05:00,0.28603772875368605,0.0,0.0,0.0,0.0,0.1177501389053042,0.16164799933107304,0.13470167665503258,0.020782788659052222,0.279079667695852
2016-03-18 00:00:00-04:00,0.2945715632125962,0.0,0.0,0.0,0.0,0.09864164644841335,0.15316992942042534,0.11750557029760952,0.04063349537329655,0.29547779524765916
2016-03-25 00:00:00-04:00,0.27102389716179376,0.0,0.0,0.0,0.0,0.12079460953774016,0.1691457287241317,0.12080366150231356,0.03571650367555342,0.2825155993984675
2016-04-01 00:00:00-04:00,0.2477450425137785,0.0,0.0,0.0,0.0,0.14447269071182817,0.1579565525872807,0.14292120517769086,0.040465102196742764,0.26643940681267914
2016-04-08 00:00:00-04:00,0.2568278479839511,0.0,0.0,0.0,0.0,0.12011792423388734,0.15463223652702884,0.17003745188279362,0.033989439641983324,0.26439509973035574
2016-04-15 00:00:00-04:00,0.261273471905342,0.0,0.0,0.0,0.0,0.15282810210220535,0.14706170395770457,0.15879244030128406,0.028279382743021622,0.2517648989904422
2016-04-22 00:00:00-04:00,0.3504329977518662,0.0,0.0,0.0,0.0,0.12352735418461329,0.13449182219589415,0.1108020944081805,0.0,0.2807457314594458
2016-04-29 00:00:00-04:00,0.37419830456692743,0.07930908808410425,0.0,0.0,0.0,0.08454926917274079,0.10269605646638458,0.10580166210265078,0.0,0.2534456196071922
2016-05-06 00:00:00-04:00,0.3650334599576116,0.02884121073088692,0.0,0.0,0.0,0.08768863501620555,0.13663372789404649,0.14931947847685165,0.0,0.23248348792439777
2016-05-13 00:00:00-04:00,0.3670963336018362,0.03947376091768049,0.0,0.0,0.0,0.058444803376962985,0.1367485992187089,0.1524583836417458,0.0,0.24577811924306564
2016-05-20 00:00:00-04:00,0.3974816678545514,0.0352494531740412,0.0,0.0,0.0,0.0667165661024224,0.15764631636515483,0.15420541030481422,0.0,0.18870058619901584
2016-05-27 00:00:00-04:00,0.3808897309899936,0.02551536390237126,0.0,0.0,0.0,0.07764420081875378,0.16815331561176908,0.14825966609947844,0.010730806890784015,0.18880691568684987
2016-06-03 00:00:00-04:00,0.39422648844977687,0.016471089040768945,0.0,0.0,0.0,0.07789569863399119,0.16708594459703607,0.16347997102673745,0.0,0.18084080825168963
2016-06-10 00:00:00-04:00,0.3832351754541306,0.022532892017079725,0.0,0.0,0.0,0.06699871116497146,0.16122050206800137,0.20683598996818192,0.0,0.1591767293276349
2016-06-17 00:00:00-04:00,0.4105996360081812,0.030644367618820542,0.0,0.0,0.0,0.03427656846763482,0.15994081501023125,0.22148719521844784,0.0,0.14305141767668417
2016-06-24 00:00:00-04:00,0.45410810040989286,0.0,0.0,0.0,0.0,0.019093163803902857,0.1432422017585771,0.2767838532532984,0.0,0.10677268077432882
2016-07-01 00:00:00-04:00,0.45120479806660235,0.0,0.0,0.0,0.0,0.0,0.13805243836232312,0.2681929389402506,0.0,0.14254982463082397
2016-07-08 00:00:00-04:00,0.4064786933452063,0.0,0.0,0.0,0.0,0.007961686566277973,0.16975364783552374,0.25281737740699156,0.0,0.16298859484600026
2016-07-15 00:00:00-04:00,0.44818407594519677,0.0,0.0,0.0,0.0,0.0,0.16299288330009212,0.2429395142335554,0.0,0.14588352652115574
2016-07-22 00:00:00-04:00,0.426214472449402,0.0,0.0,0.03013462526213528,0.0,0.0,0.1637939628408103,0.25065070659822003,0.0,0.12920623284943225
2016-07-29 00:00:00-04:00,0.37576481371369835,0.0,0.0,0.0,0.0,0.04446087664971328,0.18216753254174128,0.259254904130533,0.0,0.13835187296431395
2016-08-05 00:00:00-04:00,0.31717498398723437,0.0,0.0,0.0,0.0,0.012743337379973234,0.22572281218427828,0.2491601290675702,0.0,0.19519873738094384
2016-08-12 00:00:00-04:00,0.32364215967792676,0.0,0.0,0.0,0.0,0.02692638180362952,0.20132647978134036,0.26950616194741966,0.0,0.17859881678968365
2016-08-19 00:00:00-04:00,0.33237138161046326,0.0,0.0,0.03318055923168762,0.0,0.0,0.19786035787052725,0.2732274134739512,0.0,0.16336028781337072
2016-08-26 00:00:00-04:00,0.3716792669438017,0.0,0.0,0.03728755440421961,0.0,0.00779614538657211,0.19183736742863164,0.23515077521062755,0.0,0.15624889062614739
2016-09-02 00:00:00-04:00,0.3986308203903016,0.0,0.0,0.0029250290564480073,0.0,0.04107922383908847,0.17489398370639242,0.22490722201109029,0.0,0.15756372099667923
2016-09-09 00:00:00-04:00,0.46513711060812546,0.0,0.0,0.017232137849647458,0.0,0.0,0.16184301694486666,0.20604164958041865,0.0,0.14974608501694187
2016-09-16 00:00:00-04:00,0.3312359548248195,0.0,0.0,0.049953776984851914,0.0,0.08529256756434263,0.20165994699234363,0.23995777322125894,0.0,0.09189998041238327
2016-09-23 00:00:00-04:00,0.41924903428830784,0.0,0.0,0.0,0.0,0.09253962778997572,0.20145437054021276,0.15930088137461149,0.0,0.12745608600689223
2016-09-30 00:00:00-04:00,0.32347801371231166,0.0,0.0,0.005695013331682264,0.0,0.05761724092005434,0.22974519725441972,0.223750473438342,0.0,0.15971406134319
2016-10-07 00:00:00-04:00,0.23649374074106724,0.0,0.0,0.024828559590866526,0.0,0.14649747702693167,0.2107491522188028,0.1362656369209874,0.0,0.24516543350134434
2016-10-14 00:00:00-04:00,0.26216352967185697,0.0,0.0,0.08394244125754513,0.0,0.21009559147240178,0.2549640005239746,0.16157269715529257,0.0,0.027261739918929034
2016-10-21 00:00:00-04:00,0.31530490564096353,0.0,0.0,0.0,0.0,0.21516617049248285,0.285942626115719,0.14781174138137032,0.03577455636946421,0.0
2016-10-28 00:00:00-04:00,0.426529305808231,0.0,0.0,0.08129959908978061,0.0,0.16473457188029286,0.2227761100302792,0.1046604131914163,0.0,0.0
2016-11-04 00:00:00-04:00,0.47224620800932005,0.0,0.0,0.15848843331047754,0.0,0.1785167033357246,0.10011276798506251,0.09063588735941537,0.0,0.0
2016-11-11 00:00:00-05:00,0.4907432578295032,0.0,0.06274834356197234,0.31592039633180163,0.08649655660973238,0.04409144566699059,0.0,0.0,0.0,0.0
2016-11-18 00:00:00-05:00,0.5839474777647382,0.0,0.0,0.32439134822275906,0.0427888223203922,0.048872351692110676,0.0,0.0,0.0,0.0
2016-11-25 00:00:00-05:00,0.5435643187403895,0.0,0.0,0.38903480797247836,0.0,0.06740087328713211,0.0,0.0,0.0,0.0
2016-12-02 00:00:00-05:00,0.4531839743048481,0.021835146882201957,0.056720877772365945,0.395128940194025,0.07313106084655899,0.0,0.0,0.0,0.0,0.0
2016-12-09 00:00:00-05:00,0.4581742987558011,0.03968790977603224,0.015670671323759256,0.2835322243681394,0.08656479500046492,0.0,0.0,0.0,0.11637010077580306,0.0
2016-12-16 00:00:00-05:00,0.25524235251497335,0.06360687634280486,0.12381302870245042,0.36717382519727026,0.12817524581451376,0.0,0.0,0.0,0.06198867142798756,0.0
2016-12-23 00:00:00-05:00,0.2427603589464111,0.0027467270587999753,0.07558322137673107,0.4204434449593706,0.19050209648954622,0.0,0.0,0.0,0.06796415116914087,0.0
2016-12-30 00:00:00-05:00,0.11532867367611994,0.02898979362204337,0.1663505077963977,0.46850316620737875,0.20019670749265775,0.0,0.0,0.0,0.020631151205402473,0.0
2017-01-06 00:00:00-05:00,0.0,0.0038060748194239406,0.0,0.3518832158657384,0.0,0.10381639691771191,0.0,0.0,0.09453872469159556,0.4459555877055302
2017-01-13 00:00:00-05:00,0.04879698208320703,0.06871177235202211,0.0,0.22502994368429302,0.0,0.23760470173040707,0.0,0.0,0.11213096367465887,0.3077256364754119
2017-01-20 00:00:00-05:00,0.017220987247983262,0.01048496393855514,0.0,0.30475506025545746,0.0,0.1753578453367449,0.013955604321439902,0.0,0.12523925533396363,0.3529862835658557
2017-01-27 00:00:00-05:00,0.0,0.0,0.0,0.21296767924631455,0.06638160384955717,0.17617051463368824,0.0,0.0,0.1938777576351919,0.35060244463524814
2017-02-03 00:00:00-05:00,0.0,0.0,0.0,0.1800659252264868,0.09157255471124794,0.2371093456195158,0.0,0.0,0.1783018714905983,0.31295030295215115
2017-02-10 00:00:00-05:00,0.0,0.0,0.0,0.17254861320044876,0.005410248843723703,0.30707116742877716,0.012368962364503173,0.0,0.19330009240921736,0.3093009157533298
2017-02-17 00:00:00-05:00,0.0,0.01875345134876413,0.0,0.16279117373969731,0.022589356593790265,0.3587564923496444,0.010046132088713978,0.0,0.17269540484229093,0.254367989037099
2017-02-24 00:00:00-05:00,0.0,0.019713015898523187,0.0,0.17018827006888074,0.04658082035012531,0.3602731283091309,0.001138071807408503,0.0,0.13907582933999205,0.26303086422593924
2017-03-03 00:00:00-05:00,0.0,0.022529805365522727,0.0,0.17349671146602164,0.03444738753215864,0.36327513193152705,0.0,0.0,0.12443104416439496,0.28181991954037494
2017-03-10 00:00:00-05:00,0.0,0.007240983791134316,0.0,0.1590492798223501,0.0,0.37606206242768,0.03352527679780682,0.0,0.10928243367412746,0.3148399634869013
2017-03-17 00:00:00-04:00,0.0,0.06365462108813061,0.0,0.16368984919072954,0.002337205877931839,0.37101644438695336,0.07011340479487206,0.0,0.04173096587208415,0.28745750878929843
2017-03-24 00:00:00-04:00,0.0,0.0070494258181329995,0.0,0.20618415468398457,0.0,0.37488358304087294,0.04955506651364106,0.0,0.07085561498873215,0.2914721549546363
2017-03-31 00:00:00-04:00,0.0,0.020606790364043254,0.0,0.20133777678578982,0.008655495300030546,0.3240642522632344,0.11055715051157125,0.0,0.09011783922589221,0.2446606955494386
2017-04-07 00:00:00-04:00,0.0,0.015801611476062183,0.0,0.21240214781274236,0.0,0.3320235284421621,0.10761553333947281,0.0,0.10970547904107202,0.22245169988848873
2017-04-14 00:00:00-04:00,0.0,0.0,0.0,0.21941516759001548,0.0,0.39167349607036295,0.12748478024408103,0.0,0.06133563767122706,0.2000909184243134
2017-04-21 00:00:00-04:00,0.0,0.0,0.0,0.17189606577782554,0.0,0.39769778643323017,0.12817431424729078,0.0,0.1710690546196673,0.13116277892198622
2017-04-28 00:00:00-04:00,0.0,0.0,0.0,0.0,0.0,0.4079364518368746,0.19254691949324249,0.0,0.19634387041725201,0.20317275825263093
2017-05-05 00:00:00-04:00,0.0,0.0,0.0,0.0,0.023862081163330256,0.4242730089096708,0.17557121301201165,0.0,0.21832179996078396,0.1579718969542033
2017-05-12 00:00:00-04:00,0.0,0.0,0.0,0.0,0.04268417427464986,0.4126426486669063,0.18057884397004415,0.0,0.21480668887840934,0.14928764420999055
2017-05-19 00:00:00-04:00,0.0,0.0,0.0,0.0,0.019378329606946035,0.4773116050858476,0.17157898784394565,0.0,0.17578606245046752,0.1559450150127932
2017-05-26 00:00:00-04:00,0.0,0.0,0.0,0.0,0.0,0.4763944707827279,0.16103251972581537,0.0,0.16629183337333112,0.19628117611812562
2017-06-02 00:00:00-04:00,0.0,0.0,0.0,0.0,0.0,0.5082300896067924,0.1543990278536599,0.0,0.15911298915307032,0.1782578933864776
2017-06-09 00:00:00-04:00,0.0,0.0,0.0,0.0,0.004963148057188383,0.5215785651647961,0.1114325347037189,0.0,0.17636277902884048,0.18566297304545623
2017-06-16 00:00:00-04:00,0.0,0.0,0.0,0.0,0.0,0.47597744553708127,0.1103131668619094,0.0,0.13584541728979663,0.27786397031121274
2017-06-23 00:00:00-04:00,0.0,0.0,0.0,0.0,0.0,0.4533826399516501,0.16963553000694637,0.0,0.10848599375403802,0.2684958362873655
2017-06-30 00:00:00-04:00,0.0,0.0,0.0,0.0,0.0,0.45679150477831093,0.11861064828350248,0.0,0.17913822459944628,0.24545962233874027
2017-07-07 00:00:00-04:00,0.0,0.0,0.0,0.0,0.0,0.45729452132966514,0.08149575955678912,0.0,0.19582319149172367,0.2653865276218221
2017-07-14 00:00:00-04:00,0.0,0.0,0.0,0.0,0.0,0.44895679891543777,0.12250285482872032,0.0,0.19030869650401794,0.238231649751824
2017-07-21 00:00:00-04:00,0.0,0.0,0.0,0.0,0.0,0.4664367168960464,0.09702390468632974,0.0,0.19054506771291635,0.24599431070470756
2017-07-28 00:00:00-04:00,0.0,0.0,0.0,0.0073587103253627386,0.0,0.4862249138888827,0.07353117484700783,0.0,0.2395583709515039,0.19332682998724285
2017-08-04 00:00:00-04:00,0.0,0.0,0.0,0.10750123403425546,0.0,0.4660504399888691,0.0,0.0,0.23197866106016404,0.1944696649167116
2017-08-11 00:00:00-04:00,0.0,0.0,0.0,0.12068556003851533,0.0,0.45319743764603065,0.06500974237135058,0.0,0.192281450648882,0.16882580929522145
2017-08-18 00:00:00-04:00,0.0,0.0,0.0,0.10750025078145116,0.0,0.5047831285174034,0.04707325825673377,0.0,0.14630314122451624,0.1943402212198955
2017-08-25 00:00:00-04:00,0.0,0.0,0.0,0.09971750553371865,0.0,0.5292967770983011,0.04736944556249098,0.0,0.1572781379716048,0.16633813383388457
2017-09-01 00:00:00-04:00,0.0,0.0,0.0,0.0643659579214322,0.0,0.48981464421470305,0.06563193950815523,0.0,0.17235080456007082,0.2078366537956388
2017-09-08 00:00:00-04:00,0.0,0.0,0.0,0.08686023862499172,0.0,0.5025407925588184,0.0883020002689034,0.0,0.16355570553187485,0.15874126301541167
2017-09-15 00:00:00-04:00,0.0,0.0,0.0,0.14178091725546255,0.0,0.48590453188982297,0.03488012555654307,0.0,0.14828532576535725,0.18914909953281436
2017-09-22 00:00:00-04:00,0.0,0.0,0.07272598124671895,0.13076353425571757,0.0,0.43779276279029766,0.0,0.0,0.18095461203312727,0.17776310967413847
2017-09-29 00:00:00-04:00,0.0,0.0,0.14404990414704139,0.05458701771213081,0.0,0.4374784558784561,0.0,0.0,0.17953601946768313,0.18434860279468857
2017-10-06 00:00:00-04:00,0.0,0.0,0.14000028271039214,0.030804744630963332,0.0,0.4977847395562474,0.0,0.0,0.18231390854304821,0.149096324559349
2017-10-13 00:00:00-04:00,0.0,0.0,0.14690567604234925,0.057159846213556846,0.0,0.59834990909344,0.0,0.0,0.19758456865065396,0.0
2017-10-20 00:00:00-04:00,0.0,0.0,0.1680363173177133,0.14616097726577829,0.0,0.6452641643308255,0.0,0.0,0.040538541085682986,0.0
2017-10-27 00:00:00-04:00,0.0,0.0,0.0,0.1186418169895931,0.0,0.6643296777497236,0.034497743029432204,0.0,0.13186014673972962,0.05067061549152146
2017-11-03 00:00:00-04:00,0.0,0.0,0.0,0.052893170272958666,0.0,0.5497288598538717,0.1146660971463623,0.0,0.1999983321358876,0.08271354059091979
2017-11-10 00:00:00-05:00,0.0,0.0,0.0,0.004672777510809458,0.0,0.4786525701699696,0.22350003199269264,0.05488543379991699,0.19395290021930706,0.044336286307304
2017-11-17 00:00:00-05:00,0.0,0.0,0.0,0.025155937788522757,0.0,0.4842894012120674,0.26058579912621055,0.06707184886702504,0.16289701300617423,0.0
2017-11-24 00:00:00-05:00,0.0,0.0,0.0,0.0,0.0,0.5081968063541427,0.260974052136472,0.09454868981530529,0.1362804516940801,0.0
2017-12-01 00:00:00-05:00,0.0,0.0,0.0,0.04024777974774335,0.0,0.5398192789398446,0.2211699305344253,0.08430410839798658,0.11445890238000025,0.0
2017-12-08 00:00:00-05:00,0.0,0.0,0.0,0.036079862359761405,0.0,0.5667073921869505,0.22307673598912972,0.10743663351000955,0.06669937595414874,0.0
2017-12-15 00:00:00-05:00,0.0,0.0,0.0,0.03218705806182027,0.0,0.5509950469413493,0.20357081352671558,0.10581650977708185,0.107430571693033,0.0
2017-12-22 00:00:00-05:00,0.0,0.0,0.0,0.02377819089753086,0.0,0.5375012809575712,0.2060406995535181,0.10245364003366698,0.13022618855771295,0.0
2017-12-29 00:00:00-05:00,0.0,0.0,0.0,0.037177650351491044,0.0,0.5505487661581366,0.17804204156289705,0.09353127256025383,0.1407002693672214,0.0
2018-01-05 00:00:00-05:00,0.0,0.0,0.0,0.009745537148785666,0.0,0.4964106833600733,0.19426841096086606,0.12026973774411068,0.17930563078616427,0.0
2018-01-12 00:00:00-05:00,0.0,0.0,0.0,0.041986267933838445,0.0,0.5790329634881242,0.14736565441856192,0.08890917425677652,0.1427059399026989,0.0
2018-01-19 00:00:00-05:00,0.0,0.0,0.0,0.0422488342400651,0.0,0.6254909717175718,0.13240780318813403,0.042153431744653844,0.15769895910957513,0.0
2018-01-26 00:00:00-05:00,0.0,0.0,0.0,0.05336127344684761,0.0,0.5610940637288154,0.1673637217092687,0.07776920340763771,0.1404117377074306,0.0
2018-02-02 00:00:00-05:00,0.16275232299853087,0.0,0.0,0.023543749876639333,0.0,0.46844059167123875,0.14287846511675997,0.004429876074165272,0.19795499426266577,0.0
2018-02-09 00:00:00-05:00,0.13501809751169136,0.0,0.0,0.04417069783289139,0.0,0.49110561699384103,0.14235975120886687,0.0,0.18734583645270925,0.0
2018-02-16 00:00:00-05:00,0.04622598387717835,0.0,0.0,0.03725924226069079,0.004642784131948964,0.48497802143597263,0.1522703272761771,0.04469972836944315,0.2299239126485891,0.0
2018-02-23 00:00:00-05:00,0.017235658558869976,0.0,0.0,0.0,0.0,0.4920389797858435,0.1862380239251845,0.0017381348381420281,0.30274920289195995,0.0
2018-03-02 00:00:00-05:00,0.0,0.0,0.0,0.007042637645948444,0.0,0.4734631528332543,0.1904142036124083,0.032462644226090326,0.29661736168229874,0.0
2018-03-09 00:00:00-05:00,0.009609517159166059,0.0,0.0,0.0,0.0,0.493384596567347,0.14586490555539638,0.00997847855069585,0.30885907407126145,0.03230342809613341
2018-03-16 00:00:00-04:00,0.024939951866551874,0.0,0.0,3.7441136293539845e-05,0.0,0.4728633454121434,0.1542521096749977,0.021337055177365307,0.31701741951213985,0.009552677220508267
2018-03-23 00:00:00-04:00,0.05232669303705735,0.0,0.0,0.006418467177131346,0.11599101739481678,0.4122871858073329,0.1289392642102275,0.0,0.28403737237343407,0.0
2018-03-30 00:00:00-04:00,0.07646287908753951,0.0,0.0,0.022305125650256438,0.1659924892413866,0.4167484685124421,0.05517428799067677,0.0,0.2633167495176986,0.0
2018-04-06 00:00:00-04:00,0.0426457637725032,0.0,0.0,0.03934934006746849,0.1695290871767643,0.43389271494911075,0.05667310712909803,0.0,0.25790998690505523,0.0
2018-04-13 00:00:00-04:00,0.0,0.0,0.0,0.024941528544417245,0.1075478285819961,0.427764365662363,0.08481438520291686,0.0,0.28076096596942,0.07417092603888681
2018-04-20 00:00:00-04:00,0.10411632519145003,0.0,0.0,0.007409819574520233,0.13899708164946378,0.3344009527448988,0.06144421625436703,0.0,0.2623729377587003,0.09125866682659989
2018-04-27 00:00:00-04:00,0.1190766153598584,0.0,0.0,0.10478048639081787,0.07956506988465142,0.32924593302356375,0.06722339158338303,0.0,0.23446480501801825,0.06564369873970714
2018-05-04 00:00:00-04:00,0.0,0.0,0.0,0.17207854084105373,0.07697567002224934,0.33802297352365357,0.06965819738288491,0.0,0.2715007636992367,0.07176385453092185
2018-05-11 00:00:00-04:00,0.015639159254455987,0.0,0.0,0.14073268522651744,0.012549819820443335,0.323512638433618,0.048215607193643054,0.0,0.27298790149068275,0.18636218858063935
2018-05-18 00:00:00-04:00,9.220694828343975e-05,0.0,0.0,0.1588333965516504,0.004514640662482163,0.2846602756419508,0.03773744890029542,0.0,0.32669384381277383,0.18746818748256408
2018-05-25 00:00:00-04:00,0.0,0.0,0.0,0.16313466763619516,0.0004521827397728364,0.28358818045229256,0.05607200404492645,0.0,0.3143560897074846,0.18239687541932836
2018-06-01 00:00:00-04:00,0.0,0.0,0.0,0.1114573538741719,0.0,0.22885615656849265,0.10524008054932454,0.0,0.3385602318304974,0.21588617717751363
2018-06-08 00:00:00-04:00,0.0,0.0,0.0,0.14565212754552043,0.019887182301464905,0.21166586186540626,0.08403568708131331,0.0,0.3486137865612578,0.1901453546450373
2018-06-15 00:00:00-04:00,0.0,0.0,0.0,0.05212768453818215,0.0,0.2646048242029361,0.14607584787427116,0.0,0.3479072878554829,0.18928435552912778
2018-06-22 00:00:00-04:00,0.0,0.0,0.0,0.061144863919115035,0.0,0.2549570479262689,0.1557593040330358,0.005036121922822155,0.40245322558871677,0.12064943661004135
2018-06-29 00:00:00-04:00,0.0,0.0,0.0,0.04812843037587373,0.0,0.21465310267133686,0.1706955150152195,0.09152379539923555,0.36782615704577487,0.1071729994925595
2018-07-06 00:00:00-04:00,0.0,0.0,0.0,0.022175301191743744,0.0,0.21454866646100287,0.1781290385015112,0.13825206885316435,0.3174750950442527,0.1294198299483251
2018-07-13 00:00:00-04:00,0.0,0.0,0.0,0.03293636048302991,0.0,0.23847654269347754,0.17273009944096254,0.1229914919079599,0.34474319469169173,0.08812231078287838
2018-07-20 00:00:00-04:00,0.0,0.0,0.0,0.06563809063091666,0.0,0.27606775923374094,0.14269817037035992,0.013989239284196911,0.40831651923543016,0.09329022124535526
2018-07-27 00:00:00-04:00,0.0,0.0,0.0,0.0,0.25872788746482234,0.22693184863479615,0.12405022422086949,0.0,0.2517460163036747,0.13854402337583724
2018-08-03 00:00:00-04:00,0.0,0.0,0.0,0.0,0.21759480525634256,0.2361247152584629,0.15280856648838037,0.0,0.25666506916935294,0.1368068438274612
2018-08-10 00:00:00-04:00,0.0,0.0,0.0,0.0,0.20936959945319544,0.23823532087803762,0.1192212026772675,0.013694754610781712,0.2743135203035641,0.14516560207715354
2018-08-17 00:00:00-04:00,0.0,0.0,0.0,0.0,0.2749685179949264,0.24733389425386945,0.135880081597322,0.01226791899594592,0.2788004320892032,0.05074915506873302
2018-08-24 00:00:00-04:00,0.0,0.0,0.0,0.0,0.2709571040093393,0.2260767943857157,0.14458909044738885,0.02810662381336358,0.2618071814149784,0.06846320592921416
2018-08-31 00:00:00-04:00,0.0,0.0,0.0,0.023034893132993534,0.27798867207096095,0.21034337431464836,0.15390373643008737,0.024438999705326897,0.256072607599525,0.05421771674645797
2018-09-07 00:00:00-04:00,0.0,0.0,0.0,0.05693938616666652,0.3552032827600339,0.21916466810377183,0.06646062646016893,0.0,0.22983161356325277,0.0724004229461063
2018-09-14 00:00:00-04:00,0.0,0.0,0.0,0.045596888946912134,0.3317529515182362,0.21123407145015285,0.08454653888182088,0.02505945054487974,0.22046220898417349,0.0813478896738244
2018-09-21 00:00:00-04:00,0.0,0.0,0.0,0.06901768411496548,0.3371589987594567,0.1892441442628399,0.10011121935329782,0.040690295380586286,0.18517613198398727,0.07860152614486665
2018-09-28 00:00:00-04:00,0.0,0.0,0.0,0.05315271416487721,0.28010331845827346,0.1966291936875503,0.1208468023042714,0.08791238006490397,0.18060487073192846,0.08075072058819541
2018-10-05 00:00:00-04:00,0.0,0.0,0.0,0.08225570945278136,0.3306579334150652,0.17797142468591415,0.09395326873158755,0.061558103309483955,0.18748590018056321,0.06611766022460437
2018-10-12 00:00:00-04:00,0.0,0.0,0.0,0.09042190557793361,0.3028760340439466,0.17318020303731224,0.09442526165112877,0.06619314403972933,0.1947039270373764,0.07819952461257325
2018-10-19 00:00:00-04:00,0.0,0.0,0.0,0.10031023197479778,0.3168471207145174,0.17126473650523272,0.08296270154489838,0.07878218448111184,0.1963795148133718,0.05345350996606994
2018-10-26 00:00:00-04:00,0.0,0.0,0.0,0.06839160760567266,0.3131667285680727,0.1969299752108957,0.10974672082010228,0.1225167821850102,0.17120868179032686,0.01803950381991931
2018-11-02 00:00:00-04:00,0.0,0.0,0.0,0.1530631110450371,0.4224093745468617,0.16241664340227085,0.055308150307070446,0.06098799081792966,0.1458147298808304,0.0
2018-11-09 00:00:00-05:00,0.0,0.0,0.0,0.17708251163943134,0.49755939726451553,0.1999894442861559,0.0,0.0,0.12536864680989723,0.0
2018-11-16 00:00:00-05:00,0.0,0.0,0.0,0.14083653498119642,0.508618603290015,0.13798852005853188,0.0,0.0,0.04866082097033172,0.1638955206999252
2018-11-23 00:00:00-05:00,0.09429875235451257,0.0,0.0,0.12868558704899558,0.5544703613423099,0.14540745099291472,0.0,0.0,0.0,0.07713784826126736
2018-11-30 00:00:00-05:00,0.07849743066143508,0.0,0.0,0.0516393964229432,0.5127765274642644,0.17945064656115933,0.0,0.02291657781030843,0.031662248763573736,0.12305717231631572
2018-12-07 00:00:00-05:00,0.08014497615457054,0.0,0.0,0.07752697580277623,0.47588886818599585,0.13005362036383394,0.023078163732960972,0.08864161551911182,0.0,0.12466578024075062
2018-12-14 00:00:00-05:00,0.08902062440784965,0.0,0.0,0.045275363697953847,0.37787337787988223,0.13750040578860043,0.023025451841851067,0.0936952056827027,0.12183148979179907,0.11177808090936095
2018-12-21 00:00:00-05:00,0.1309878684462402,0.0,0.0,0.03668791479520658,0.49132008910377056,0.17508236775457464,0.0,0.06915723906014547,0.01880039550150615,0.0779641253385565
2018-12-28 00:00:00-05:00,0.08966245770179054,0.0,0.0,0.0,0.424865811996003,0.24518641345065545,0.0,0.10035628507428075,0.08886755659407435,0.05106147518319591
2019-01-04 00:00:00-05:00,0.1925508664990659,0.0,0.0,0.0,0.42092896688179876,0.22695666856209998,0.006454909489848219,0.0355382526239906,0.08380332835652066,0.03376700758667588
2019-01-11 00:00:00-05:00,0.16343521978349498,0.0,0.0,0.03171480351184584,0.3855274558930126,0.1985478652562508,0.03938274747510726,0.08515903075211319,0.09245494911527866,0.0037779282128968333
2019-01-18 00:00:00-05:00,0.1798021628353507,0.0,0.0,0.022800166742936275,0.27650764349396206,0.21328928076634238,0.05104548674137419,0.07238864230481143,0.1333095236030904,0.05085709351213261
2019-01-25 00:00:00-05:00,0.09219698969188535,0.0,0.0,0.048666907365808185,0.3380597997904085,0.24627827629931115,0.04880874919877881,0.09659790606234046,0.07596067368588404,0.053430697905583587
2019-02-01 00:00:00-05:00,0.0,0.0,0.0,0.09415264674806766,0.27893345392930946,0.21991676741349786,0.0023152705608461177,0.17142288469646325,0.0,0.2332589766518157
2019-02-08 00:00:00-05:00,0.0,0.0,0.0,0.0,0.30302930291766506,0.053662905336252356,0.08266958482945941,0.3251166561545973,0.0,0.2355215507620259
2019-02-15 00:00:00-05:00,0.02429369927238133,0.0,0.0,0.0,0.4616683768373214,0.0,0.05846367427160083,0.33870669952261395,0.0,0.11686755009608264
2019-02-22 00:00:00-05:00,0.06273954011256136,0.0,0.0,0.1275358827363787,0.3776704023210011,0.0,0.1223902541302644,0.3096639206997944,0.0,0.0
2019-03-01 00:00:00-05:00,0.13288290709848816,0.0,0.0,0.022175698866032767,0.35677911677077584,0.0,0.17630440273963285,0.3118578745250703,0.0,0.0
2019-03-08 00:00:00-05:00,0.11184856372060378,0.0,0.0,0.03531617794076186,0.32675335616744006,0.0,0.19362375486473682,0.33245814730645745,0.0,0.0
2019-03-15 00:00:00-04:00,0.007752430295547908,0.0,0.0,0.068748102560279,0.4284175900007235,0.0,0.19935931444646715,0.29572256269698244,0.0,0.0
2019-03-22 00:00:00-04:00,0.0,0.0,0.0,0.0,0.2698561209285901,0.0,0.24815278914161437,0.46029437432908665,0.021696715600708856,0.0
2019-03-29 00:00:00-04:00,0.0,0.0,0.0,0.0,0.14002766631245167,0.0,0.32438980841684006,0.48723036244054285,0.03789200270800882,0.01046016012215652
2019-04-05 00:00:00-04:00,0.0,0.0,0.0,0.0,0.0864455270950804,0.013304208842881858,0.2947774884146329,0.4350445410804155,0.17042823456698938,0.0
2019-04-12 00:00:00-04:00,0.0,0.0,0.0,0.0,0.13273906067608934,0.1343367480299967,0.20701777359984247,0.3393892801390462,0.18651713755502525,0.0
2019-04-19 00:00:00-04:00,0.0,0.0,0.0,0.0,0.20415650067578398,0.2164767824944473,0.26058534825417135,0.21653217545191505,0.10224919312368236,0.0
2019-04-26 00:00:00-04:00,0.0,0.0,0.0,0.0,0.0072803640345154045,0.31159928562481704,0.2413647403573708,0.2797012903349181,0.1370223405364537,0.023031979111925106
2019-05-03 00:00:00-04:00,0.0,0.0,0.0,0.06412168172430047,0.20397148526161454,0.3710682557133524,0.14525367439208395,0.21400441612446391,0.001580486784184752,0.0
2019-05-10 00:00:00-04:00,0.09958915453022504,0.0,0.0,0.10022567716720003,0.19054593107330012,0.23717668642917575,0.1583293229504245,0.21413322784967453,0.0,0.0
2019-05-17 00:00:00-04:00,0.1630984222584785,0.0,0.0,0.037867078075653475,0.18062294340889498,0.27806441299151036,0.1462811815019995,0.1940659617634633,0.0,0.0
2019-05-24 00:00:00-04:00,0.21876380495190154,0.0,0.0,0.06271130162444594,0.21105873818636894,0.26187993162679357,0.09841559474232993,0.1471706288681602,0.0,0.0
2019-05-31 00:00:00-04:00,0.22239499547578997,0.0,0.0,0.059512728073524646,0.22707484295127972,0.3081758335293075,0.07979141624302177,0.10305018372707629,0.0,0.0
2019-06-07 00:00:00-04:00,0.1315769241397333,0.0,0.005202169813957987,0.24877481117831207,0.2957144722301692,0.21732770649978392,0.010580612671901782,0.09082330346614181,0.0,0.0
2019-06-14 00:00:00-04:00,0.10750972034270274,0.0,0.0,0.24035840769682298,0.25240753272970323,0.23575096924028724,0.058233737337004224,0.10573963265347958,0.0,0.0
2019-06-21 00:00:00-04:00,0.054007029020133816,0.0,0.036681350625271225,0.28089619900179985,0.28811379668659104,0.18182434387432692,0.0434756087683277,0.11500167202354947,0.0,0.0
2019-06-28 00:00:00-04:00,0.07650609616178375,0.0,0.0,0.3136240894908464,0.2823105217407786,0.29531751400329537,0.0,0.032241778603295884,0.0,0.0
2019-07-05 00:00:00-04:00,0.04670463856473891,0.0,0.006927561299788338,0.27495008034690277,0.2661170111412276,0.3732407716419033,0.0,0.03205993700543915,0.0,0.0
2019-07-12 00:00:00-04:00,0.06099867682527919,0.0,0.0,0.3040789889591544,0.23608676464531153,0.29737926457558134,0.003003578702084926,0.024946565017876156,0.0735061612747123,0.0
2019-07-19 00:00:00-04:00,0.0,0.0,0.016947728502655104,0.2833042538871757,0.25420415088234805,0.24524252348398615,0.09380150065360902,0.05142896810452927,0.05507087448569652,0.0
2019-07-26 00:00:00-04:00,0.0,0.0,0.058920386752660925,0.1978697872371957,0.31771663512712134,0.2850206908908044,0.018161998654258354,0.06544978212260165,0.05686071921535762,0.0
2019-08-02 00:00:00-04:00,0.08112209503425809,0.0,0.10921051546198732,0.20187364931401616,0.0,0.28296027201441026,0.08857056209345865,0.1272870152539474,0.10897589082792195,0.0
2019-08-09 00:00:00-04:00,0.0843911695465244,0.0,0.15059527634869516,0.18481371878168806,0.027020366637280566,0.24351081999920396,0.16265331394650068,0.14701533474010733,0.0,0.0
2019-08-16 00:00:00-04:00,0.09006371478199955,0.0,0.18408699287531377,0.17409548535663436,0.036548721853600044,0.2333228118836638,0.1333054950106061,0.1345873260251016,0.013989452213080766,0.0
2019-08-23 00:00:00-04:00,0.10512663046051034,0.0,0.18916784000089584,0.13292507562407876,0.0,0.26721882351767823,0.11817555180165519,0.12026099062023322,0.06712508797494832,0.0
2019-08-30 00:00:00-04:00,0.1227578705105877,0.0,0.24803307537982464,0.14159473029394667,0.0,0.2545688163407927,0.09811559875114398,0.06787480723520979,0.06705510148849446,0.0
2019-09-06 00:00:00-04:00,0.15814260757380022,0.0,0.22581210237657356,0.06000952384251484,0.0,0.2397661213617668,0.1391967619109284,0.04785580083151846,0.12921708210289773,0.0
2019-09-13 00:00:00-04:00,0.11124291123062686,0.0,0.2708204623460676,0.005186745920145218,0.0,0.2913548734564463,0.12991511827810848,0.0,0.19147988876860553,0.0
2019-09-20 00:00:00-04:00,0.07328695645788345,0.0,0.22579442153506535,0.0079596037928894,0.0,0.3019381576721433,0.2059070078398574,0.019081684092089685,0.16603216861007125,0.0
2019-09-27 00:00:00-04:00,0.04784670917111604,0.0,0.31986929407889175,0.010289338516312302,0.0,0.3242515805729875,0.14541483357659488,0.0,0.15232824408409754,0.0
2019-10-04 00:00:00-04:00,0.07376084381727176,0.0,0.2710243591314252,0.061918177877174504,0.0,0.3740494176505477,0.13499945527531365,0.0,0.08424774624826732,0.0
2019-10-11 00:00:00-04:00,0.0,0.0,0.178925687988367,0.0,0.0,0.4033425752054378,0.1962333557182641,0.031036537270483954,0.19046184381744707,0.0
2019-10-18 00:00:00-04:00,0.0,0.0,0.21427463760185014,0.0,0.0,0.38210678050887187,0.15549964029087793,0.0,0.2481189415984,0.0
2019-10-25 00:00:00-04:00,0.0,0.0,0.15920067690026954,0.0,0.0,0.36362144286812836,0.15651952649450665,0.0,0.32065835373709545,0.0
2019-11-01 00:00:00-04:00,0.0,0.0,0.04538588268265726,0.0,0.0,0.4356609607926323,0.17641816748782727,0.0,0.3425349890368832,0.0
2019-11-08 00:00:00-05:00,0.0,0.0,0.17014605176494418,0.0,0.0,0.34930137434377667,0.19660101267431557,0.0,0.2839515612169636,0.0
2019-11-15 00:00:00-05:00,0.0,0.0,0.1379093219849854,0.0,0.0,0.3323163526987165,0.22891366552018783,0.0,0.30086065979611026,0.0
2019-11-22 00:00:00-05:00,0.0,0.0,0.10321231085839867,0.0,0.0,0.3631599485831861,0.24588006241695007,0.0,0.287747678141465,0.0
2019-11-29 00:00:00-05:00,0.0,0.0,0.14962459937914951,0.004813196395516939,0.0,0.34488085434114235,0.22192787253927268,0.0,0.2787534773449185,0.0
2019-12-06 00:00:00-05:00,0.0,0.0,0.22118927048127662,0.0,0.0,0.33418581599008323,0.17716864263825285,0.0,0.26745627089038726,0.0
2019-12-13 00:00:00-05:00,0.0,0.0,0.20882713601721728,0.0,0.0,0.3431115270631239,0.1508903829017463,0.0,0.29717095401791255,0.0
2019-12-20 00:00:00-05:00,0.0,0.0,0.16459141803189212,0.0596320206363398,0.0,0.3320795061828708,0.22277394843658024,0.0,0.22092310671231705,0.0
2019-12-27 00:00:00-05:00,0.0,0.0,0.09820545947340585,0.09084087118779137,0.0,0.31607888682410507,0.24809190599789788,0.0,0.2017177852839008,0.04506509123289907
2020-01-03 00:00:00-05:00,0.0,0.0,0.13943454009720124,0.07298039357805026,0.0,0.2892430590470213,0.19879594746429183,0.0,0.19890674468337632,0.10063931513005903
2020-01-10 00:00:00-05:00,0.0,0.0,0.1963131564671243,0.02790780953945016,0.0,0.3143630275482339,0.18213274276758945,0.0,0.18477944483100842,0.09450381884659377
2020-01-17 00:00:00-05:00,0.0,0.0,0.22474214642076198,0.008392405266207974,0.0,0.31776234593323727,0.17456462669494865,0.0,0.14799897475319404,0.12653950093164987
2020-01-24 00:00:00-05:00,0.0,0.0,0.1955476077239249,0.0,0.0,0.3279400782044042,0.19236916017555367,0.012732689299366736,0.129506329092043,0.14190413550470762
2020-01-31 00:00:00-05:00,0.0,0.0,0.11726796622732338,0.013438184133848353,0.07471002867889552,0.3976235971215112,0.1940707168260737,0.0,0.13580317610713055,0.06708633090521722
2020-02-07 00:00:00-05:00,0.0,0.0,0.04560946371379811,0.0,0.056847692902329626,0.4505464467765859,0.19868795698126493,0.0,0.14584450412042557,0.10246393550559564
2020-02-14 00:00:00-05:00,0.0,0.0,0.019026522806885954,0.0,0.02771750704827949,0.46755346641499534,0.20342601460788895,0.0,0.174587221839455,0.10768926728249523
2020-02-21 00:00:00-05:00,0.0,0.0,0.011768344825209966,0.0,0.0,0.5266053792708288,0.19607211933340532,0.0,0.1737603839470072,0.0917937726235487
2020-02-28 00:00:00-05:00,0.0,0.0,0.01016370501722009,0.0,0.0,0.5784145781628672,0.16151013705970935,0.01426792442661034,0.1778530712066515,0.057790584126941685
2020-03-06 00:00:00-05:00,0.0,0.0,0.0,0.03268488424566225,0.09081512177712349,0.5598694474814773,0.12999859698775756,0.08043242484653326,0.10619952466144629,0.0
2020-03-13 00:00:00-04:00,0.0,0.0,0.009536529136509927,0.05367857496261175,0.07291474571151915,0.6225854126659447,0.11116671122314194,0.056658202843424925,0.07345982345684757,0.0
2020-03-20 00:00:00-04:00,0.0,0.0,0.0,0.07783090502487275,0.032375855886357156,0.6167032857301031,0.11706990264988541,0.11249922696949198,0.04352082373928964,0.0
2020-03-27 00:00:00-04:00,0.0,0.0,0.0,0.05688128414290836,0.05690123760717176,0.5964940011444642,0.11681482473253621,0.07488792479320297,0.09802072757971658,0.0
2020-04-03 00:00:00-04:00,0.0,0.0,0.0,0.09215393802274931,0.11343554677599907,0.5082214968770984,0.11569274490544756,0.17049627341870568,0.0,0.0
2020-04-10 00:00:00-04:00,0.0,0.0,0.0,0.07934403962150369,0.09714973145195449,0.6105023906562872,0.1419092033002222,0.07109463497003242,0.0,0.0
2020-04-17 00:00:00-04:00,0.0,0.0,0.0,0.058009419771814216,0.08365207688839682,0.4800327592322421,0.16718835328094775,0.21111739082659925,0.0,0.0
2020-04-24 00:00:00-04:00,0.0,0.0,0.0,0.0573072629819723,0.07902267182049214,0.46600659898651026,0.1733837101052347,0.2242797561057906,0.0,0.0
2020-05-01 00:00:00-04:00,0.0,0.0,0.0,0.0,0.0265360870877888,0.49501731512576846,0.23321474176623497,0.24523185602020775,0.0,0.0
2020-05-08 00:00:00-04:00,0.0,0.0,0.0,0.0,0.005269583372917844,0.4540951765711621,0.25801882953210364,0.2556650375265881,0.026951372997228253,0.0
2020-05-15 00:00:00-04:00,0.0,0.0,0.0,0.0,0.0,0.4642733979810321,0.2536561185914031,0.2799221518229309,0.002148331604633929,0.0
2020-05-22 00:00:00-04:00,0.0,0.0,0.0,0.0,0.0,0.4170472431113883,0.24084293650046984,0.2553877786990041,0.08672204168913761,0.0
2020-05-29 00:00:00-04:00,0.0,0.0,0.0,0.0,0.0,0.47472373278038316,0.2451015755371075,0.23700070379752933,0.04317398788498009,0.0
2020-06-05 00:00:00-04:00,0.0,0.0,0.0,0.0,0.0,0.4138494342241464,0.22726945117076416,0.17676446961217382,0.12025772347571673,0.06185892151719896
2020-06-12 00:00:00-04:00,0.0,0.0,0.0,0.0,0.0,0.40567965061002353,0.23450639552451383,0.18895293625197954,0.11133804900901832,0.05952296860446486
2020-06-19 00:00:00-04:00,0.0,0.0,0.0,0.0,0.0,0.41362957721295013,0.2375097261201842,0.197005307377641,0.1016518852695286,0.05020350401969612
2020-06-26 00:00:00-04:00,0.0,0.0,0.0,0.0,0.007902003047524347,0.40129633797569947,0.2400050235216885,0.20218623689073761,0.10670156168242759,0.04190883688192232
2020-07-03 00:00:00-04:00,0.0,0.0,0.0,0.0,0.0,0.3837384577133917,0.23252945600348304,0.21953908267616756,0.10313500330627803,0.06105800030067977
2020-07-10 00:00:00-04:00,0.0,0.0,0.0,0.0,0.0,0.40671449674137733,0.23030458112405994,0.22052269039266872,0.11080000505666407,0.03165822668522997
2020-07-17 00:00:00-04:00,0.0,0.0,0.0,0.0,0.009133885176507824,0.44569628791010335,0.22265647718512138,0.24577627364262936,0.04093008563905743,0.03580699044658077
2020-07-24 00:00:00-04:00,0.0,0.0,0.0,0.0,0.04257005565939919,0.4551234910233022,0.20734379971599237,0.2509125008998327,0.03344980967197839,0.010600343029495217
2020-07-31 00:00:00-04:00,0.0,0.0,0.0,0.023762874040766532,0.0,0.42376447664680644,0.19176728316245012,0.24724586661640685,0.07457664689810273,0.03888285263546735
2020-08-07 00:00:00-04:00,0.0,0.0,0.0,0.04329168504655002,0.0,0.411040119290294,0.1631041528174975,0.2288512832705546,0.09309712898667076,0.060615630588433056
2020-08-14 00:00:00-04:00,0.0,0.0,0.0,0.03688353942768458,0.0,0.39368187210396866,0.16919895160502707,0.2025653059520657,0.10770742022321797,0.08996291068803589
2020-08-21 00:00:00-04:00,0.0,0.0,0.0,0.01632139489691825,0.0,0.39975858014207977,0.17692810240220916,0.23525386794059094,0.0860133393521954,0.0857247152660064
2020-08-28 00:00:00-04:00,0.0,0.0,0.0,0.020012068258169407,0.0,0.40259575972999273,0.1740535966004084,0.22673369153972295,0.0936898687835729,0.08291501508813376
2020-09-04 00:00:00-04:00,0.0,0.0,0.0,0.02409835417237008,0.0,0.4388262983113915,0.16432243158418114,0.2302572066442712,0.09314029051439122,0.049355418773394846
2020-09-11 00:00:00-04:00,0.0,0.0,0.0,0.02640578674105418,0.0,0.4607705148710021,0.1517597075267095,0.2436024664550914,0.06699156768507247,0.05046995672107014
2020-09-18 00:00:00-04:00,0.0,0.0,0.0,0.04201275904079909,0.0,0.481598341407866,0.1326836214231116,0.267007424870409,0.0375652352546306,0.03913261800318355
2020-09-25 00:00:00-04:00,0.0,0.0,0.0,0.06098011050307495,0.0,0.43343326739745097,0.1434915267208567,0.25479016166926866,0.0593573985694105,0.04794753513993817
2020-10-02 00:00:00-04:00,0.0,0.0,0.0,0.039036315839526915,0.0,0.4546762944889214,0.1529634757513909,0.23204360249819952,0.0854111828596328,0.03586912856232854
2020-10-09 00:00:00-04:00,0.0,0.0,0.0,0.03938711134251406,0.0,0.44641620783153113,0.1583321461931582,0.23007023101378893,0.06667538276570364,0.05911892085330411
2020-10-16 00:00:00-04:00,0.0,0.0,0.0,0.021605507640920833,0.0,0.4414545871828125,0.15949543211898518,0.2424235991433586,0.10015393109760284,0.03486694281632015
2020-10-23 00:00:00-04:00,0.0,0.0,0.0,0.0,0.0,0.4621962046117516,0.1685114814008576,0.260264217472491,0.0723841171745098,0.03664397934039011
2020-10-30 00:00:00-04:00,0.0,0.0,0.0,0.0,0.0,0.4619466703525142,0.17345703351853434,0.2640269030531962,0.09589280030198254,0.004676592773772743
2020-11-06 00:00:00-05:00,0.0,0.0,0.0,0.0,0.0,0.445047280855792,0.18820713411845627,0.2536774325357051,0.09069200917060291,0.022376143319443757
2020-11-13 00:00:00-05:00,0.0,0.0,0.0,0.0,0.0,0.492107814327579,0.17066251630876855,0.25133028820311476,0.07520026487544294,0.01069911628509468
2020-11-20 00:00:00-05:00,0.0,0.0,0.0,0.0,0.0,0.4879361416537286,0.15178801673231596,0.2466246417715737,0.1136511998423818,0.0
2020-11-27 00:00:00-05:00,0.0,0.0,0.0,0.0,0.0,0.4658192355554046,0.15972482880554859,0.23205422201551415,0.1424017136235325,0.0
2020-12-04 00:00:00-05:00,0.0,0.0,0.0,0.0,0.0,0.4454477664706561,0.16833178404996615,0.2388628735084258,0.13154902676236532,0.01580854920858668
2020-12-11 00:00:00-05:00,0.0,0.0,0.0,0.0,0.0,0.4265903389017045,0.18864084283183988,0.2639761938763338,0.109617427514235,0.011175196875886827
2020-12-18 00:00:00-05:00,0.0,0.0,0.0,0.0,0.0,0.42578045028651995,0.1888007630192552,0.2566298574313369,0.11648520863925296,0.012303720623634721
2020-12-25 00:00:00-05:00,0.0,0.0,0.0,0.0,0.0,0.45078124463645697,0.17914309691352698,0.23369880701792625,0.1235746196090995,0.012802231822990392
2021-01-01 00:00:00-05:00,0.0,0.0,0.0,0.0,0.0,0.4771771945201458,0.17502212689343347,0.23889659849736944,0.10308275335011789,0.005821326738933312
2021-01-08 00:00:00-05:00,0.0,0.0,0.0,0.0,0.01402948147114795,0.4906053143686789,0.1986088080745907,0.19598362193086735,0.10077277415471517,0.0
2021-01-15 00:00:00-05:00,0.0,0.0,0.0,0.017933378493385006,0.07555733284121978,0.4556893181103457,0.19205082686126007,0.16094552861187555,0.097823615081914,0.0
2021-01-22 00:00:00-05:00,0.0,0.0,0.0,0.0,0.010778736620984768,0.4383540198274394,0.2180481914847256,0.21733937354637736,0.11547967852047276,0.0
2021-01-29 00:00:00-05:00,0.0,0.0,0.0,0.0,0.0,0.44958778260443477,0.21296129797511412,0.22976632540263348,0.10573290064517499,0.001951693372642549
2021-02-05 00:00:00-05:00,0.0,0.0,0.0,0.0,0.0,0.38278747596923807,0.23444147753000072,0.21913279253891474,0.16043853646249628,0.0031997174993501063
2021-02-12 00:00:00-05:00,0.0,0.0,0.0,0.0,0.0,0.4092165476929006,0.21535182896697905,0.22447416539574114,0.13750723003961557,0.01345022790476365
2021-02-19 00:00:00-05:00,0.0,0.0,0.0,0.0,0.03787018580104434,0.3621553833339565,0.22759001590531067,0.16005336126122857,0.1459931035491007,0.0663379501493592
2021-02-26 00:00:00-05:00,0.0,0.0,0.0,0.0,0.020660532943833892,0.20773083482764404,0.2325824550351972,0.12696645798922845,0.22017530274806268,0.1918844164560337
2021-03-05 00:00:00-05:00,0.0,0.0,0.0,0.0,0.0,0.08789992032730244,0.2281098584501301,0.011966288009379147,0.33836436223696365,0.3336595709762247
2021-03-12 00:00:00-05:00,0.0,0.0,0.0,0.0,0.0,0.0,0.2157305015115815,0.0,0.3939489994255597,0.3903204990628588
2021-03-19 00:00:00-04:00,0.0,0.015024918327641053,0.011190845788961875,0.0,0.0,0.0,0.18796987043269778,0.0,0.3157912677413428,0.4700230977093565
2021-03-26 00:00:00-04:00,0.0,0.05037707459980208,0.010651787484154296,0.0,0.0,0.0,0.22472268402991225,0.0,0.30011730265842784,0.4141311512277035
2021-04-02 00:00:00-04:00,0.0,0.05056824127643705,0.007078735409910161,0.0,0.0,0.008353266906475736,0.1804998681167403,0.0,0.33530922129594487,0.41819066699449187
2021-04-09 00:00:00-04:00,0.0,0.004921493463346805,0.0,0.0,0.0,0.16022001191390892,0.1491667315745656,0.0,0.3470649809526111,0.33862678209556746
2021-04-16 00:00:00-04:00,0.0,0.04225707013008815,0.10909458157550242,0.0,0.0,0.0,0.07741166227302844,0.0,0.37101810064552726,0.40021858537585375
2021-04-23 00:00:00-04:00,0.0,0.0,0.10698789834119918,0.0,0.0,0.11386986488459629,0.04187028349067279,0.0,0.37454031964511175,0.36273163363842004
2021-04-30 00:00:00-04:00,0.0,0.053624726754270956,0.07539813982285523,0.0,0.0,0.1496450251823935,0.0033525057083414957,0.0,0.389613237641516,0.32836636489062265
2021-05-07 00:00:00-04:00,0.0,0.13195547661687868,0.13061445888492126,0.0,0.0006305339280274242,0.0,0.0,0.0,0.3662511599837673,0.37054837058640533
2021-05-14 00:00:00-04:00,0.0,0.12621504875127373,0.16652409297350243,0.0,0.0,0.0,0.0,0.0,0.3354034163286544,0.37185744194656944
2021-05-21 00:00:00-04:00,0.0,0.11265111503026286,0.1565838529198494,0.0,0.09403057535082346,0.03082397167769878,0.0,0.0,0.2787037878946575,0.3272066971267079
2021-05-28 00:00:00-04:00,0.0,0.08093171946583654,0.15208311102698427,0.0,0.0,0.071365442216746,0.0,0.0,0.3448557511718832,0.3507639761185499
2021-06-04 00:00:00-04:00,0.0,0.05339447008348385,0.16281954346820135,0.0,0.0,0.10151038345351951,0.0,0.0,0.3541196975673653,0.32815590542743
2021-06-11 00:00:00-04:00,0.0,0.08270384864475408,0.20201077579579776,0.0,0.0,0.012403976102840634,0.0,0.0,0.3440425016361221,0.35883889782048545
2021-06-18 00:00:00-04:00,0.0,0.101043201429595,0.13320654753541822,0.0,0.0018860136975165712,0.017805375460706582,0.0,0.0,0.3766984097243667,0.36936045215239693
2021-06-25 00:00:00-04:00,0.0,0.12253454793473181,0.25441275263269214,0.0,0.0,0.0,0.0,0.0,0.29126738583603806,0.33178531359653796
2021-07-02 00:00:00-04:00,0.0,0.12022600383623493,0.29122668980481803,0.0,0.0,0.0,0.0,0.0,0.2728519085261113,0.31569539783283573
2021-07-09 00:00:00-04:00,0.0,0.1356458363900817,0.2879937207735722,0.0,0.0016508795041610773,0.0,0.0,0.0,0.229499122467152,0.345210440865033
2021-07-16 00:00:00-04:00,0.0,0.0,0.26930286186394586,0.0,0.0,0.0,0.0,0.0,0.3181972989561229,0.4124998391799312
2021-07-23 00:00:00-04:00,0.0,0.0,0.2533947698639001,0.0,0.0,0.03045955843768859,0.0,0.0,0.3095600178821173,0.406585653816294
2021-07-30 00:00:00-04:00,0.0,0.0035512007881836984,0.38625117302367074,0.0,0.0,0.0,0.0,0.0,0.25102234115192046,0.3591752850362251
2021-08-06 00:00:00-04:00,0.09199488621076654,0.021949602565264868,0.40560328706798743,0.0,0.0,0.0,0.0,0.0,0.20143400433783853,0.2790182198181426
2021-08-13 00:00:00-04:00,0.08644251720585114,0.0,0.42169590710673227,0.0,0.0,0.0,0.01835248256095853,0.0,0.19174198269243822,0.28176711043401986
2021-08-20 00:00:00-04:00,0.11419937992758526,0.0,0.4771443848182612,0.0,0.020615214499699032,0.0,0.0,0.0,0.17007725472529037,0.21796376602916412
2021-08-27 00:00:00-04:00,0.13902101927938643,0.0,0.363807152435404,0.0,0.05974673552064056,0.0,0.005767130259445138,0.0,0.17840064890646665,0.2532573135986575
2021-09-03 00:00:00-04:00,0.06480048872242554,0.0,0.3412988542486197,0.0,0.05627095575586575,0.0,0.05656967616926732,0.0,0.15725466822958833,0.32380535687423334
2021-09-10 00:00:00-04:00,0.06364671082128191,0.0,0.29663249932969105,0.0,0.0,0.0,0.11107328607156906,0.0,0.22214283991738176,0.3065046638600763
2021-09-17 00:00:00-04:00,0.06632958961895064,0.0,0.24320545288382786,0.0,0.0,0.0,0.1277434248512906,0.0,0.2458418669630884,0.31687966568284265
2021-09-24 00:00:00-04:00,0.07160176563027272,0.0,0.2546824840350141,0.0,0.03359150326185744,0.0,0.09924913199568441,0.0,0.23034394653036075,0.31053116854681057
2021-10-01 00:00:00-04:00,0.11195827224729213,0.010377773657400531,0.26018783085193653,0.0,0.07160025339151403,0.0,0.06176786489848351,0.0,0.19108969819587263,0.2930183067575008
2021-10-08 00:00:00-04:00,0.10028999667197971,0.0,0.26266764741863535,0.0,0.09999543625699006,0.0,0.04886605232544809,0.0,0.20529013689319883,0.2828907304337479
2021-10-15 00:00:00-04:00,0.12392725249169449,0.0,0.26254597379705125,0.0,0.11650468570897035,0.0,0.02345081140673603,0.0,0.1861199121187321,0.28745136447681574
2021-10-22 00:00:00-04:00,0.07742634263245436,0.0,0.27046407521284027,0.0,0.17737611196614586,0.0,0.018567179380457776,0.0,0.18515305010179048,0.2710132407063113
2021-10-29 00:00:00-04:00,0.10178133929411963,0.0,0.2664339767293546,0.0,0.20115591031014438,0.0,0.026879059886286603,0.0,0.15922398463541992,0.24452572914467488
2021-11-05 00:00:00-04:00,0.09866512446097069,0.0,0.2669137115183538,0.0,0.1922850961293897,0.0,0.017663980985475163,0.0,0.16065344999126607,0.2638186369145446
2021-11-12 00:00:00-05:00,0.09310929293428169,0.0,0.20328964137136027,0.0,0.11531420335888254,0.0,0.08754605580078785,0.0,0.19682061382404137,0.3039201927106462
2021-11-19 00:00:00-05:00,0.0,0.0,0.17174553145746518,0.0,0.08956176499021543,0.0,0.13302833820061183,0.0,0.21410964038086278,0.3915547249708448
2021-11-26 00:00:00-05:00,0.0,0.0,0.22742916549674494,0.0,0.11026288938283903,0.0,0.10426770557036985,0.0,0.1889298834899357,0.36911035606011056
2021-12-03 00:00:00-05:00,0.0,0.0,0.21356776173977468,0.0,0.18817089511052376,0.0,0.07390451794452306,0.0,0.18006845330379875,0.34428837190137973
2021-12-10 00:00:00-05:00,0.0,0.0,0.22082103211786783,0.0,0.1416294153355499,0.0,0.06397625397492511,0.0,0.216987339516082,0.3565859590555751
2021-12-17 00:00:00-05:00,0.0,0.0,0.2963874211916864,0.0,0.09363580855782765,0.0,0.0,0.0,0.20815687443530762,0.40181989581517835
2021-12-24 00:00:00-05:00,0.0,0.0,0.28441273650291626,0.0,0.07916493628668018,0.0,0.005922505341556092,0.03425286092011745,0.21323007575275682,0.3830168851959734
2021-12-31 00:00:00-05:00,0.0,0.0,0.32118510509013676,0.0,0.08465136826180455,0.0,0.01834352406363222,0.032084750751654706,0.21792421124363054,0.32581104058914123
2022-01-07 00:00:00-05:00,0.0,0.0,0.33141027125910716,0.0,0.060761361410726404,0.0,0.0,0.03812597167404034,0.21644731121567826,0.35325508444044784
2022-01-14 00:00:00-05:00,0.0,0.0,0.28378501361701863,0.0,0.0,0.0,0.0,0.1519427444316795,0.25251031397113055,0.3117619279801713
2022-01-21 00:00:00-05:00,0.015759900124672484,0.0,0.3706170403773674,0.0,0.09695434486896083,0.0,0.0,0.0902364792522375,0.17859108144822533,0.24784115392853642
2022-01-28 00:00:00-05:00,0.0,0.0,0.3676860017452703,0.0,0.09051045727503138,0.0,0.0,0.09183075005075957,0.18122234441787916,0.2687504465110596
2022-02-04 00:00:00-05:00,0.0,0.0,0.2616969462923028,0.0,0.3185761483416557,0.0,0.0,0.06781288241467025,0.13068238247468902,0.22123164047668217
2022-02-11 00:00:00-05:00,0.0,0.0,0.23582064305445466,0.0,0.36641705537005353,0.0,0.0,0.04544792941661075,0.13365812573045843,0.21865624642842255
2022-02-18 00:00:00-05:00,0.0,0.0,0.21105323079484398,0.0,0.39889743531929556,0.0,0.0,0.11797289676831545,0.1266739499277074,0.1454024871898375
2022-02-25 00:00:00-05:00,0.0,0.0,0.20200744415070432,0.0,0.39443782288155166,0.0,0.0,0.16405222524767657,0.1155411851541168,0.12396132256595083
2022-03-04 00:00:00-05:00,0.0,0.0,0.20522269021170395,0.0,0.45143980532458283,0.0,0.0,0.2730834758047191,0.04112367798237042,0.029130350676623732
2022-03-11 00:00:00-05:00,0.0,0.0,0.1866941409821709,0.0,0.4563756784982517,0.0,0.0,0.29422980399039533,0.024743445043127345,0.03795693148605473
2022-03-18 00:00:00-04:00,0.0,0.0,0.14061457728897692,0.0,0.4581653182712316,0.0,0.0,0.2709398546439907,0.06566062858709874,0.0646196212087021
2022-03-25 00:00:00-04:00,0.0,0.0,0.12072839677104609,0.0,0.39986789358710373,0.0,0.0,0.2554183163218827,0.10170896108668033,0.12227643223328703
2022-04-01 00:00:00-04:00,0.0,0.0,0.15623532754054562,0.0,0.4503038483669914,0.0,0.0,0.2768002474960566,0.04904410348387979,0.06761647311252668
2022-04-08 00:00:00-04:00,0.0,0.0,0.2479662865923366,0.0,0.4647303669565514,0.0,0.0,0.28730334645111194,0.0,0.0
2022-04-15 00:00:00-04:00,0.0,0.022902938237654217,0.23191093350794817,0.0,0.45930290904547094,0.0,0.0,0.28588321920892673,0.0,0.0
2022-04-22 00:00:00-04:00,0.0,0.019764481841195957,0.22520431192385673,0.03835151779697208,0.4932365104061683,0.0,0.0,0.22344317803180694,0.0,0.0
2022-04-29 00:00:00-04:00,0.0,0.0,0.3043950196338289,0.06683297332626645,0.39851299982933736,0.0,0.0,0.23025900721056722,0.0,0.0
2022-05-06 00:00:00-04:00,0.0,0.0,0.33090270946908773,0.03857969085020384,0.39075875626415946,0.0,0.0,0.239758843416549,0.0,0.0
2022-05-13 00:00:00-04:00,0.0,0.0,0.32277328290133944,0.0,0.40002108049634316,0.0,0.0,0.27720563660231734,0.0,0.0
2022-05-20 00:00:00-04:00,0.0,0.0,0.29032958965802175,0.02225979869210815,0.348040957193406,0.0,0.0,0.22474202464166515,0.0,0.11462762981479886
2022-05-27 00:00:00-04:00,0.0,0.0,0.2752298146091543,0.0648815086867422,0.3818416258878581,0.0,0.0,0.18259741604664223,0.0,0.09544963476960341
2022-06-03 00:00:00-04:00,0.0,0.0,0.23444694922583278,0.04961976764636183,0.41148194956266254,0.0,0.0,0.19754329532215226,0.0,0.10690803824299068
2022-06-10 00:00:00-04:00,0.0,0.0,0.2881488855482836,0.04291335925841164,0.4064649622131084,0.0,0.0,0.18464797089232315,0.0,0.07782482208787324
2022-06-17 00:00:00-04:00,0.0,0.0,0.3344358210982222,0.029715351990493185,0.45572474058315005,0.0,0.0,0.14660341230246743,0.0,0.03352067402566732
2022-06-24 00:00:00-04:00,0.0,0.0,0.29795389192687716,0.0,0.493327226029739,0.0,0.0,0.17438468195561335,0.0,0.034334200087770515
2022-07-01 00:00:00-04:00,0.0,0.0,0.2885005337013356,0.028251386775052525,0.4830474785055362,0.0,0.0,0.17779659098292147,0.0,0.02240401003515428
2022-07-08 00:00:00-04:00,0.0,0.0,0.33676606225053035,0.0,0.46897191175771685,0.0,0.0,0.1674002418224552,0.0,0.02686178416929753
2022-07-15 00:00:00-04:00,0.0,0.0,0.310861501533829,0.04048195199474073,0.46720733740292336,0.0,0.0,0.18144920906850676,0.0,0.0
2022-07-22 00:00:00-04:00,0.0,0.01993571450387847,0.26653044258001435,0.09778177885793538,0.4593108840599457,0.0,0.0,0.15644117999822602,0.0,0.0
2022-07-29 00:00:00-04:00,0.0,0.0,0.20363554360745223,0.1056906876305514,0.4835979638760727,0.0,0.0,0.18001477601770818,0.0,0.027061028868215313
2022-08-05 00:00:00-04:00,0.0,0.0,0.12857042570721341,0.10022383676615025,0.5065226483875923,0.0,0.0,0.185876135962916,0.0,0.07880695317612801
2022-08-12 00:00:00-04:00,0.0,0.0,0.11400215932819988,0.09613252718697961,0.4859503407360743,0.0,0.0,0.20678993152950256,0.015295371926981893,0.08182966929226178
2022-08-19 00:00:00-04:00,0.0,0.02070721647790778,0.11635294778560601,0.11943680595218047,0.4754051209981743,0.0,0.0,0.1858863097965659,0.020610633005343163,0.06160096598422225
2022-08-26 00:00:00-04:00,0.0,0.04202310209232422,0.1410986545766024,0.14839196964260323,0.43732601322285175,0.0,0.0,0.19216566693129392,0.0,0.038994593534324454
2022-09-02 00:00:00-04:00,0.0,0.05498581510588384,0.1657222769787751,0.15080833590918669,0.44866737651916216,0.0,0.0,0.17257391883157025,0.0,0.007242276655422039
2022-09-09 00:00:00-04:00,0.0,0.04993544424143087,0.1681519074079659,0.1629138183551905,0.45222483203407177,0.0,0.0,0.1636880778463797,0.0,0.003085920114961372
2022-09-16 00:00:00-04:00,0.0,0.08790245800474288,0.17356187172467435,0.16710334727934584,0.44355277239428154,0.0,0.0,0.12787955059695538,0.0,0.0
2022-09-23 00:00:00-04:00,0.0,0.069659311453699,0.18898150715329232,0.15970699194624235,0.41952611073172313,0.0,0.0,0.16212607871504317,0.0,0.0
2022-09-30 00:00:00-04:00,0.0,0.04159925297753649,0.1733275525693497,0.148294464184777,0.43501012106095044,0.0,0.0,0.20176860920738632,0.0,0.0
2022-10-07 00:00:00-04:00,0.0,0.07334132376997032,0.1635000246147733,0.15090585405642631,0.4058630345127672,0.0,0.0,0.20638976304606285,0.0,0.0
2022-10-14 00:00:00-04:00,0.0,0.09699003122692132,0.19032265981757973,0.16053226732236894,0.4060841001905346,0.0,0.0,0.14607094144259553,0.0,0.0
2022-10-21 00:00:00-04:00,0.0,0.0994267659222331,0.1742616365750925,0.15942404069115912,0.4330836630062111,0.0,0.0,0.13380389380530433,0.0,0.0
2022-10-28 00:00:00-04:00,0.0,0.1167917126953619,0.20971695117881198,0.16777644102366032,0.40994647155217556,0.0,0.0,0.09576842354999032,0.0,0.0
2022-11-04 00:00:00-04:00,0.0,0.13482989660298553,0.23090835702671775,0.1893728896564618,0.4042559796008985,0.0,0.0,0.04063287711293654,0.0,0.0
2022-11-11 00:00:00-05:00,0.0,0.11747566654116809,0.23799743752354643,0.1803289171336315,0.4059900621501131,0.0,0.0,0.05820791665154087,0.0,0.0
2022-11-18 00:00:00-05:00,0.0,0.13185394635758876,0.2664408498262335,0.17355330992350135,0.38422642677601093,0.0,0.0,0.043925467116665395,0.0,0.0
2022-11-25 00:00:00-05:00,0.0,0.11977683126839729,0.2659487710675141,0.16836177999641608,0.39708832776361114,0.0,0.0,0.04882428990406133,0.0,0.0
2022-12-02 00:00:00-05:00,0.029050377764102672,0.1130149238577405,0.2679065549556624,0.16520395976614935,0.36727757487004775,0.0,0.0,0.0575466087862972,0.0,0.0
2022-12-09 00:00:00-05:00,0.047020568493370274,0.100607436084309,0.26552931520222556,0.18223636145695998,0.3792594587789712,0.0,0.0,0.025346859984163972,0.0,0.0
2022-12-16 00:00:00-05:00,0.06334168608241235,0.0820883070230329,0.26051515928635144,0.18272224585411997,0.3822406052890004,0.0,0.0,0.02909199646508287,0.0,0.0
2022-12-23 00:00:00-05:00,0.08616794283185641,0.10780652494403022,0.25589263706909765,0.18305409578166043,0.3535995376524098,0.0,0.0,0.013479261720945516,0.0,0.0
2022-12-30 00:00:00-05:00,0.09559929382277152,0.10912483899490093,0.2549657205822968,0.1835712685139473,0.3556450222526885,0.0,0.0,0.0010938558333949857,0.0,0.0
2023-01-06 00:00:00-05:00,0.09551901005282587,0.11590870860214518,0.2585401753801917,0.17747071422098454,0.3487749951139553,0.0,0.0,0.0037863966298973296,0.0,0.0
2023-01-13 00:00:00-05:00,0.08814895804441074,0.09931746080129197,0.2357700380788782,0.18821825659863425,0.38722119995242094,0.0,0.0,0.0013240865243638513,0.0,0.0
2023-01-20 00:00:00-05:00,0.05959852061506635,0.09205094944652283,0.25705480163959216,0.1608951085182039,0.43040061978061467,0.0,0.0,0.0,0.0,0.0
2023-01-27 00:00:00-05:00,0.030286674038829897,0.10857074170513509,0.22140296269372942,0.18723148864370265,0.4525081329186029,0.0,0.0,0.0,0.0,0.0
2023-02-03 00:00:00-05:00,0.027238625245620568,0.0884731035008341,0.26031761695019673,0.23490448826926805,0.3890661660340806,0.0,0.0,0.0,0.0,0.0
2023-02-10 00:00:00-05:00,0.0685359991880967,0.07834691404668144,0.364120970300582,0.29221430392149855,0.19678181254314125,0.0,0.0,0.0,0.0,0.0
2023-02-17 00:00:00-05:00,0.05655084442085257,0.08010266843558712,0.3906988779758852,0.30529415997280274,0.16735344919487233,0.0,0.0,0.0,0.0,0.0
2023-02-24 00:00:00-05:00,0.04298011569319642,0.0752467450658811,0.4123786536361172,0.3415976088619214,0.1277968767428839,0.0,0.0,0.0,0.0,0.0
2023-03-03 00:00:00-05:00,0.04565878803118821,0.11681240472410497,0.428987319696364,0.33348202327659254,0.07505946427175025,0.0,0.0,0.0,0.0,0.0
2023-03-10 00:00:00-05:00,0.014255719008210132,0.09060772048544322,0.44795581730906975,0.4024362057019908,0.03469865706801766,0.0,0.0,0.0,0.01004588042726852,0.0
2023-03-17 00:00:00-04:00,0.0,0.0,0.5169057066885178,0.3079850604995601,0.0,0.0,0.10869762949343915,0.0,0.06641160331848284,0.0
2023-03-24 00:00:00-04:00,0.0,0.0,0.569676514622091,0.28147205297052363,0.0,0.0,0.11063684343534401,0.0,0.03821458897204136,0.0
2023-03-31 00:00:00-04:00,0.0,0.0,0.5157519835637023,0.32685288216529984,0.0,0.0,0.09850512732936537,0.0,0.058890006941632426,0.0
2023-04-07 00:00:00-04:00,0.009830136192303263,0.008306131584506627,0.5619539966106067,0.3080770180166639,0.03398263077936094,0.0,0.07785008681655853,0.0,0.0,0.0
2023-04-14 00:00:00-04:00,0.0015384861960438133,0.0,0.5345862065780297,0.23922258215313308,0.0,0.0,0.13352215835117942,0.0,0.07779065042199267,0.013339916299621201
2023-04-21 00:00:00-04:00,0.0,0.0,0.4804439925940624,0.26791551459879087,0.0,0.0,0.0919971697861083,0.0,0.12689876846956255,0.03274455455147602
2023-04-28 00:00:00-04:00,0.0,0.0,0.40432637249667897,0.17988852014976262,0.0,0.0,0.10625790772514082,0.0,0.20013059553951568,0.10939660408890185
2023-05-05 00:00:00-04:00,0.0,0.0,0.390947013955693,0.33626262368320997,0.0,0.0,0.05071113347396319,0.0,0.19363727302103248,0.028441955866101327
2023-05-12 00:00:00-04:00,0.0,0.0,0.14744783387113583,0.1726912701431443,0.0,0.0,0.171109092109481,0.0,0.3765552502624869,0.132196553613752
2023-05-19 00:00:00-04:00,0.0,0.0,0.16868843058605587,0.1434563541964283,0.0,0.0,0.18555872546883595,0.0,0.5022964897486799,0.0
2023-05-26 00:00:00-04:00,0.0,0.0,0.07249791222020974,0.0,0.0,0.06714457487072549,0.23529665559412433,0.09644001089966707,0.5286208464152734,0.0
2023-06-02 00:00:00-04:00,0.0,0.0,0.2243481814068911,0.08930571633390634,0.0,0.04580456725557453,0.1615000423523599,0.04742381387642156,0.4316176787748466,0.0
2023-06-09 00:00:00-04:00,0.0,0.0,0.21681907277743487,0.1712239631045588,0.0,0.13515988065335588,0.09084160699893985,0.0,0.38595547646571066,0.0
2023-06-16 00:00:00-04:00,0.0,0.0,0.14619694153947463,0.20477428564909567,0.0,0.17436769962957496,0.07697986253459034,0.0,0.3976812106472644,0.0
2023-06-23 00:00:00-04:00,0.0,0.0,0.12778419372840616,0.24701980352903505,0.0,0.10288936350283501,0.053923174995235974,0.04969592108487785,0.41868754315960993,0.0
2023-06-30 00:00:00-04:00,0.0,0.0,0.12650278071072976,0.3119493505727663,0.0,0.034202825249032315,0.05245695573406554,0.0,0.4748880877334061,0.0
2023-07-07 00:00:00-04:00,0.0,0.0,0.17180386546512522,0.3070306111864008,0.0,0.0,0.022979687372812373,0.0,0.4894225643659591,0.008763271609702503
2023-07-14 00:00:00-04:00,0.0,0.0,0.09787008728684037,0.21762070586419885,0.0,0.08382228194862353,0.0858974256905524,0.0,0.4598865189180327,0.054902980291752154
2023-07-21 00:00:00-04:00,0.0,0.0,0.27857079350709124,0.28663895435986236,0.0,0.05099498153344514,0.04416970425602882,0.0,0.3314564287399379,0.008169137603634642
2023-07-28 00:00:00-04:00,0.033294273868345235,0.013847048300424365,0.24796332574743743,0.14329719540116995,0.0,0.13782355246805733,0.10084179726497203,0.0,0.3229328069495937,0.0
2023-08-04 00:00:00-04:00,0.151266343878145,0.0657971981260528,0.276068012815836,0.1722195455559137,0.0,0.005190125682519827,0.04744907442522703,0.0,0.2820096995163057,0.0
2023-08-11 00:00:00-04:00,0.19830916946409327,0.11348079627444907,0.313062231073617,0.16441714013982323,0.0,0.0,0.0,0.0,0.21073066304801738,0.0
2023-08-18 00:00:00-04:00,0.24038871618239743,0.09630751808425977,0.34785416953541737,0.14476251202957421,0.0,0.0,0.0,0.0,0.1571300720693491,0.013557012099002045
2023-08-25 00:00:00-04:00,0.194483048153145,0.029245667557408074,0.30943735442862763,0.0893803042337347,0.0,0.10147977530866191,0.0,0.0,0.2539041556448406,0.022069694673581976
2023-09-01 00:00:00-04:00,0.10259816098452752,0.010127109595455054,0.301966156993561,0.03540728599887817,0.0,0.07891291629644681,0.0,0.0,0.40964388861102624,0.0613444815201052
2023-09-08 00:00:00-04:00,0.18384373768275944,0.0,0.30815927985353175,0.03650394751494441,0.0,0.0021525954755798934,0.0,0.0,0.4007497133566838,0.06859072611650067
2023-09-15 00:00:00-04:00,0.2103191122178111,0.0,0.26381960424168727,0.0,0.0,0.08017495919023601,0.0,0.0,0.3715374012877625,0.07414892306250312
2023-09-22 00:00:00-04:00,0.21111536591087288,0.0,0.2766697388182358,0.009102955981017513,0.0,0.016845044374045832,0.0,0.0,0.3704000388863572,0.11586685602947078
2023-09-29 00:00:00-04:00,0.18674079873365973,0.0,0.2657306569088764,0.013283425615449224,0.0,0.0,0.03410937121119828,0.0,0.39050648797272275,0.10962925955809374
2023-10-06 00:00:00-04:00,0.08699235220487467,0.0,0.23960540160335186,0.0,0.0,0.18392407740042527,0.06790922283613773,0.0,0.311138223101768,0.1104307228534426
2023-10-13 00:00:00-04:00,0.07688443809177913,0.0,0.1993656823231082,0.0,0.0,0.19653924741864773,0.07147837434257892,0.0,0.32742778932406236,0.12830446849982366
2023-10-20 00:00:00-04:00,0.08915805197424294,0.0,0.19529880867747812,0.0,0.0,0.1796901218158601,0.09108618752004363,0.041248733367390086,0.31104554340099694,0.09247255324398829
2023-10-27 00:00:00-04:00,0.10010408173160178,0.0,0.12314650602301895,0.0,0.0,0.19307758229079655,0.086670127034215,0.1058561494980489,0.3122964247359483,0.07884912868637056
2023-11-03 00:00:00-04:00,0.11780187854158355,0.0,0.0,0.0,0.0,0.21468146885650424,0.12235664564927681,0.14806128033487675,0.2619702300499791,0.1351284965677795
2023-11-10 00:00:00-05:00,0.048587913125359865,0.0,0.0,0.0,0.0,0.24019799942991554,0.13140316152940304,0.15605958191708041,0.29014843060647466,0.1336029133917664
2023-11-17 00:00:00-05:00,0.05940265220465606,0.0,0.0,0.011848139046858427,0.0,0.23502879766417364,0.12486037371180343,0.11406166269395089,0.2749825193741779,0.1798158553043798
2023-11-24 00:00:00-05:00,0.06772114377518844,0.0,0.0,0.0,0.0,0.23396288286528263,0.1308712775381378,0.11946428778317077,0.26388018906337873,0.18410021897484175
2023-12-01 00:00:00-05:00,0.03308725348494711,0.0,0.0,0.029208392997446642,0.0,0.23586537919117054,0.13868351416228228,0.1101920722414895,0.25943290128859586,0.19353048663406802
2023-12-08 00:00:00-05:00,0.01647045471747917,0.0,0.0,0.0027097990586315373,0.0,0.23419484225422615,0.1470794756367002,0.10016069980378745,0.28560772505174686,0.21377700347742865
2023-12-15 00:00:00-05:00,0.006667380078114131,0.0,0.0,0.0021449770987080714,0.0,0.25324463249676055,0.14877411482076788,0.07441172754880303,0.3082267324732449,0.20653043548360145
2023-12-22 00:00:00-05:00,0.017543384229573317,0.0,0.0,0.0,0.0,0.2535183303571689,0.1601724984187082,0.08542043915170888,0.2912079655496374,0.19213738229320318
2023-12-29 00:00:00-05:00,0.0,0.0,0.0,0.0,0.0,0.2694636663051915,0.16394648780503016,0.09389351441778768,0.28844153407550727,0.18425479739648337
2024-01-05 00:00:00-05:00,0.008087624954785787,0.0,0.0,0.0,0.0,0.25661217849530404,0.1630928627007761,0.08183327227747661,0.2964808821159836,0.19389317945567391
2024-01-12 00:00:00-05:00,0.023668870022919928,0.0,0.0,0.0,0.0,0.27438004072330374,0.16458561484426992,0.10606484016326019,0.2591725900216772,0.17212804422456907
2024-01-19 00:00:00-05:00,0.027799820664793022,0.0,0.0,0.0,0.0,0.29901832667162254,0.15042346957752362,0.10211784134708883,0.25983329444108855,0.16080724729788362
2024-01-26 00:00:00-05:00,0.05579125935226916,0.0,0.0,0.0,0.0,0.28490950509094537,0.12528638627242927,0.1046702238511632,0.26940945246810655,0.1599331729650866
2024-02-02 00:00:00-05:00,0.09486305094360441,0.0,0.0,0.027314794618540292,0.0,0.2812865312219695,0.10856705927437811,0.09363523708428494,0.2510431091993277,0.14329021765789515
2024-02-09 00:00:00-05:00,0.10944747300857942,0.0,0.0,0.0,0.0,0.30753346833793443,0.08543662291457646,0.10319541106500238,0.26924405869961643,0.12514296597429098
2024-02-16 00:00:00-05:00,0.1479662904020752,0.0,0.0,0.0,0.0,0.30427970530454423,0.06728767183821117,0.0861335191293975,0.24641603050678484,0.14791678281898699
2024-02-23 00:00:00-05:00,0.1533324410501034,0.0,0.0,0.0,0.0,0.29141533058501623,0.07445491004969995,0.0801736222393655,0.24918304369100347,0.15144065238481147
2024-03-01 00:00:00-05:00,0.14979782409787745,0.0,0.0,0.007854923670761264,0.0,0.2812320882331037,0.1015073976670164,0.10125063701255207,0.226121374543306,0.1322357547753831
2024-03-08 00:00:00-05:00,0.20991699454946766,0.0,0.0,0.030478900295332977,0.0,0.2682658013184776,0.11161805825796169,0.04866022562767895,0.2372581411477648,0.09380187880331622
2024-03-15 00:00:00-04:00,0.2468255960953567,0.0,0.0,0.012197769360775525,0.0,0.24695810299312168,0.08149452942817653,0.0,0.301519017752808,0.1110049843697615
2024-03-22 00:00:00-04:00,0.2587269369778744,0.0,0.0,0.025664933959911193,0.0,0.24159973373687502,0.08071656180587988,0.0,0.2833142491356801,0.10997758438377937
2024-03-29 00:00:00-04:00,0.266377450448674,0.0,0.0,0.0,0.0,0.245765330404555,0.06493484534851998,0.0,0.2796037462685939,0.14331862752965704
2024-04-05 00:00:00-04:00,0.27266010349096803,0.0,0.0,0.0,0.0,0.23125536184085357,0.061165449963161526,0.0,0.29752846120152654,0.13739062350349024
2024-04-12 00:00:00-04:00,0.21054990818151828,0.0,0.0,0.0,0.0,0.22752789973596083,0.10008420854784086,0.0,0.32586876527645736,0.1359692182582227
2024-04-19 00:00:00-04:00,0.2740407714246923,0.0,0.0,0.0,0.0,0.2178796904733352,0.07784685323809588,0.005978571566162629,0.3123055799155421,0.1119485333821719
2024-04-26 00:00:00-04:00,0.24137904396947626,0.0,0.0,0.0,0.0,0.22808791074015966,0.09051538333631844,0.0,0.3206555026436305,0.119362159310415
2024-05-03 00:00:00-04:00,0.21297201493337412,0.01718337591098359,0.0,0.0,0.0,0.20321876577200815,0.10210262314223409,0.0,0.33740221305576673,0.12712100718563327
2024-05-10 00:00:00-04:00,0.24621515932970908,0.026530080032565784,0.0,0.0,0.0,0.1889102360069053,0.07658106347746559,0.0,0.3301256571071836,0.1316378040461707
2024-05-17 00:00:00-04:00,0.2636730575834227,0.025682524325950976,0.0,0.0,0.0,0.18911266738118895,0.09920376092600967,0.0,0.36416275341962673,0.0581652363638009
2024-05-24 00:00:00-04:00,0.24589335820881558,0.0,0.0,0.0,0.0,0.265721454014562,0.08735210921123221,0.0,0.38767973597917554,0.013353342586214798
2024-05-31 00:00:00-04:00,0.28581005164409645,0.07089970398603855,0.0,0.0,0.0,0.17158324665153935,0.051451921359614794,0.0,0.4202550763587108,0.0
2024-06-07 00:00:00-04:00,0.22808338296823744,0.010685983340433596,0.0,0.0,0.0,0.26747758128551957,0.1022216019105154,0.0,0.39153145049529403,0.0
2024-06-14 00:00:00-04:00,0.1698599660382163,0.0,0.0,0.0,0.0,0.2673573903296427,0.11837815359683064,0.0,0.42956345147290537,0.014841038562404957
2024-06-21 00:00:00-04:00,0.20876535852065642,0.0,0.0,0.0,0.0,0.24133459746119726,0.12650610217336997,0.0,0.42339394184477636,0.0
2024-06-28 00:00:00-04:00,0.22602516920787133,0.0,0.0,0.0,0.0,0.21359701136192494,0.12263427967558453,0.0,0.42931415373027837,0.008429386024340792
2024-07-05 00:00:00-04:00,0.16435524820836483,0.0,0.0,0.0,0.0,0.2550552250120854,0.1499467130883343,0.0,0.4234720081902293,0.007170805500986426
2024-07-12 00:00:00-04:00,0.13874552064415,0.0,0.0,0.0,0.0,0.28899245640167515,0.1290888563963189,0.0,0.44317316655785594,0.0
2024-07-19 00:00:00-04:00,0.22342060849001677,0.08836136795280311,0.0,0.0,0.0,0.1810792513363643,0.043561404772541536,0.0,0.46357736744827427,0.0
2024-07-26 00:00:00-04:00,0.24197148185031273,0.009996065474702257,0.0,0.0,0.0,0.19435245748320937,0.03889085563102305,0.0,0.5147891395607527,0.0
2024-08-02 00:00:00-04:00,0.21178399931142122,0.0,0.0,0.0,0.0,0.208946388368602,0.07058164544366487,0.0,0.5086879668763119,0.0
2024-08-09 00:00:00-04:00,0.06941874292222416,0.0,0.08468083451365901,0.0,0.0,0.23472479574419822,0.09373388677723711,0.0,0.5174417400426815,0.0
2024-08-16 00:00:00-04:00,0.04736326365309837,0.005715785443326467,0.012889515549214177,0.07472679310697539,0.0,0.24275224562136247,0.09241830795614925,0.0,0.5241340886698738,0.0
2024-08-23 00:00:00-04:00,0.09204374652647918,0.05961016615676634,0.03114147664775169,0.10000254475241262,0.0,0.265247400107552,0.06519553255357875,0.0,0.3867591332554594,0.0
2024-08-30 00:00:00-04:00,0.12642831983701303,0.0618322732740386,0.007660232979472344,0.15499927692999685,0.0,0.28360285142765856,0.011936297652531725,0.0,0.3535407478992891,0.0
2024-09-06 00:00:00-04:00,0.08552814925677513,0.08250371847116124,0.017968633894704173,0.20047493552682683,0.0,0.33567429531686716,0.012723158063441351,0.0,0.2651271094702241,0.0
2024-09-13 00:00:00-04:00,0.008914212490738468,0.0,0.004066712697086017,0.1762284373764916,0.0,0.39214246631809974,0.09549353112505965,0.0,0.32315463999252453,0.0
2024-09-20 00:00:00-04:00,0.0408118848125992,0.0,0.0,0.13320003774241962,0.0,0.3632942040219147,0.11603241524392119,0.0,0.34666145817914534,0.0
2024-09-27 00:00:00-04:00,0.029219461325976564,0.0,0.0,0.12171161500694581,0.0,0.40866496433258603,0.10023352465798663,0.0,0.34017043467650493,0.0
2024-10-04 00:00:00-04:00,0.08534193838089871,0.08365774916998313,0.0,0.16692604455872584,0.0,0.254216301406734,0.050811274712963234,0.0,0.3590466917706951,0.0
2024-10-11 00:00:00-04:00,0.10166720076919525,0.11325014055857432,0.0,0.22333355427684534,0.0,0.18137702709716227,0.04660029663588007,0.0,0.33377178066234275,0.0
2024-10-18 00:00:00-04:00,0.040767328903322485,0.11589541973035769,0.0,0.21535729724907984,0.0,0.3136551421457559,0.018121611585112784,0.0,0.29620320038637127,0.0
2024-10-25 00:00:00-04:00,0.058068891095275514,0.1544107974071027,0.0,0.09984608460019827,0.0,0.2859863180705762,0.07026274672048752,0.0,0.33142516210635986,0.0
2024-11-01 00:00:00-04:00,0.10475104804855355,0.2083559859106981,0.0,0.026808283520504957,0.0,0.28443957724687285,0.07422965981941873,0.0,0.30141544545395194,0.0
2024-11-08 00:00:00-05:00,0.15089722964388935,0.22933671425525914,0.0,0.040840168098181966,0.0,0.1824546945097969,0.05922837959192156,0.0,0.33724281390095107,0.0
2024-11-15 00:00:00-05:00,0.16219367338005808,0.2455370297659668,0.0,0.06979251224030063,0.0,0.17615639114508733,0.03186973580881797,0.0,0.3144506576597692,0.0
2024-11-22 00:00:00-05:00,0.1406981758961164,0.23395276180235708,0.00785056349267497,0.15514767918678302,0.0,0.1373384775917601,0.03359236448785147,0.0,0.2914199775424568,0.0
2024-11-29 00:00:00-05:00,0.11612694380100821,0.23998843672957615,0.0,0.12051998031263092,0.0,0.17880913465150555,0.0350757747862262,0.0,0.30947972971905297,0.0
2024-12-06 00:00:00-05:00,0.13047352883818342,0.17449293654622836,0.0,0.07025335303228006,0.0,0.19509714594472377,0.0793723803576323,0.0,0.3503106552809521,0.0
2024-12-13 00:00:00-05:00,0.12504942364261457,0.1726539703942423,0.0,0.0,0.0,0.21091290010671326,0.12059115409799112,0.0,0.3707925517584387,0.0
2024-12-20 00:00:00-05:00,0.05329835784609256,0.17886508283755442,0.0,0.0,0.0,0.2844374168165405,0.09048783501006862,0.0,0.39291130748974396,0.0
2024-12-27 00:00:00-05:00,0.02600453175644226,0.20222569337911117,0.0,0.0,0.0,0.2813210302788698,0.07863471733315926,0.0,0.41181402725241756,0.0
2025-01-03 00:00:00-05:00,0.02716600900369475,0.19343662991180968,0.0,0.0,0.0,0.259680296348668,0.11254575395571202,0.0,0.4071713107801154,0.0
2025-01-10 00:00:00-05:00,0.049393946758255036,0.20215245242285815,0.0,0.0,0.0,0.21889583279724845,0.12379025840543767,0.0,0.4057675096162008,0.0
2025-01-17 00:00:00-05:00,0.10140185701140864,0.25300408989571455,0.0,0.0,0.0,0.1672119969472833,0.06494636195123796,0.0,0.4134356941943556,0.0
2025-01-24 00:00:00-05:00,0.17822230707544062,0.20016809164204552,0.0,0.0,0.0,0.17766080706156054,0.09404985103508824,0.0,0.3498989431858652,0.0
2025-01-31 00:00:00-05:00,0.07133982381029517,0.27036719423158045,0.0,0.0,0.0,0.24508081558781059,0.11372539601146522,0.0,0.2994867703588487,0.0
2025-02-07 00:00:00-05:00,0.10027201645435473,0.2759164466366468,0.0,0.02414969675766879,0.0,0.19912579686270485,0.10740982338522634,0.0,0.29312621990339854,0.0
2025-02-14 00:00:00-05:00,0.013194747602653418,0.3040451210722459,0.0,0.056789346706074204,0.0,0.21973383787457337,0.11772017640400662,0.0,0.2885167703404465,0.0
2025-02-21 00:00:00-05:00,0.0,0.33586681985953876,0.0,0.015245051504390537,0.0,0.22032353373702057,0.14258775722612377,0.0,0.2859768376729263,0.0
2025-02-28 00:00:00-05:00,0.0,0.3754342306434187,0.062284361995579594,0.05281313224436972,0.0,0.213893181540215,0.019045967307952227,0.0,0.27652912626846476,0.0
2025-03-07 00:00:00-05:00,0.0,0.37248912984569127,0.13703808565358774,0.0,0.0,0.2510334636384861,0.0010666878379777976,0.0,0.23837263302425726,0.0
2025-03-14 00:00:00-04:00,0.0,0.43816873947547397,0.0890847480116592,0.0,0.0,0.20312765567493585,0.0,0.0,0.26961885683793096,0.0
2025-03-21 00:00:00-04:00,0.0,0.42648332930940475,0.10352121469384694,0.09415164846536439,0.0,0.2106480466509971,0.0,0.0,0.1651957608803867,0.0
2025-03-28 00:00:00-04:00,0.0,0.40443824903184805,0.12537601778921012,0.207496320192519,0.0,0.1433726863062881,0.0,0.0,0.11931672668013463,0.0
2025-04-04 00:00:00-04:00,0.0,0.3032227303918033,0.17994531842576889,0.16863946339958558,0.07777152444405858,0.23467164187076972,0.0,0.0,0.03574932146801383,0.0
2025-04-11 00:00:00-04:00,0.0,0.23938314082745013,0.15188169065021567,0.130425874052783,0.08219652673344667,0.30523329547564837,0.0,0.0,0.09087947226045621,0.0
2025-04-18 00:00:00-04:00,0.0,0.26661300263305454,0.21147341452128118,0.16277555273954258,0.135713211218295,0.22342481888782667,0.0,0.0,0.0,0.0
2025-04-25 00:00:00-04:00,0.0,0.23462580371994066,0.1335367089828889,0.16290294597748178,0.06780178969122268,0.28457785992531565,0.0,0.0,0.11655489170315043,0.0
2025-05-02 00:00:00-04:00,0.0170089327589437,0.11343303290328592,0.16004238834407905,0.24323043713379805,0.0,0.3389947583921223,0.0,0.0,0.12729045046777104,0.0
2025-05-09 00:00:00-04:00,0.08013617726411201,0.09603817372324817,0.16297068518326877,0.3110442640114907,0.0,0.24238503969447497,0.0,0.0,0.10742566012340535,0.0
2025-05-16 00:00:00-04:00,0.07014665187037726,0.10677840490932783,0.10895008549015656,0.24680316218291867,0.0,0.28025722802529673,0.0,0.0,0.18706446752192288,0.0
2025-05-23 00:00:00-04:00,0.15579277432503774,0.10984128779277963,0.06057164195994293,0.23953825137490756,0.0,0.2973708176403153,0.0,0.0,0.1368852269070167,0.0
2025-05-30 00:00:00-04:00,0.14602042042544058,0.1257146570938097,0.06508649165078981,0.25308925166656665,0.0,0.3252597653838952,0.0,0.0,0.084829413779498,0.0
2025-06-06 00:00:00-04:00,0.1902010694397972,0.07503244057901699,0.005068003781353829,0.2579110526238545,0.0,0.3207817241560645,0.0,0.0,0.15100570941991295,0.0
2025-06-13 00:00:00-04:00,0.31342813767845673,0.09152867782851133,0.05289570344461893,0.2541468877047794,0.0,0.1953145247295543,0.0,0.0,0.0926860686140795,0.0
2025-06-20 00:00:00-04:00,0.3101179456092747,0.1241224576931268,0.03654682875448291,0.29331020308952965,0.0,0.09440784547969742,0.0,0.0,0.14149471937388838,0.0
2025-06-27 00:00:00-04:00,0.265231920910543,0.09475367485599266,0.0,0.2549829890634881,0.0,0.2370787555709232,0.006353692238304151,0.0,0.14159896736074887,0.0
2025-07-04 00:00:00-04:00,0.24389270152310766,0.1089434103009161,0.06953190551351277,0.24876740210943524,0.0,0.2192989285793865,0.0,0.0,0.10956565197364175,0.0
2025-07-11 00:00:00-04:00,0.35170904847464995,0.08430021124747913,0.0460666735144311,0.30550822037896563,0.0,0.12520085399019087,0.0,0.0,0.08721499239428342,0.0
2025-07-18 00:00:00-04:00,0.3458437963535128,0.022250155979931095,0.0,0.20073937041904943,0.0,0.26814680832656035,0.10838635848782391,0.0,0.0546335104331226,0.0
2025-07-25 00:00:00-04:00,0.32660608746176634,0.048480336588260196,0.0,0.17622997127635898,0.0,0.2567344188770513,0.11286418649625513,0.0,0.0790849993003082,0.0
2025-08-01 00:00:00-04:00,0.30950248662397023,0.0,0.022512224563014466,0.09730103657040237,0.0,0.27440187812798505,0.14780981086974493,0.0,0.14847256324488284,0.0
2025-08-08 00:00:00-04:00,0.2065071984177814,0.0,0.0,0.008928613115043378,0.0,0.37688278281603504,0.21769361072408822,0.0,0.18998779492705206,0.0
2025-08-15 00:00:00-04:00,0.26298180469198096,0.0,0.0,0.006031833283879046,0.0,0.40385001590142255,0.19492164002424078,0.0,0.1322147060984767,0.0
2025-08-22 00:00:00-04:00,0.33682803734119904,0.019042255296596023,0.0,0.0,0.0,0.34322829079988204,0.20424319523301532,0.0,0.09665822132930747,0.0
2025-08-29 00:00:00-04:00,0.30936364402381683,0.0,0.0,0.0,0.0,0.33500345101558787,0.2015605370739512,0.0,0.1540723678866441,0.0
2025-09-05 00:00:00-04:00,0.20631194736106037,0.029015045712243854,0.0,0.0,0.0,0.336676787188025,0.2487993070160543,0.0,0.17919691272261642,0.0
2025-09-12 00:00:00-04:00,0.2419061682040525,0.04385112947556566,0.008844489316040852,0.0,0.0,0.26458510286274056,0.23326405176663295,0.0,0.2075490583749675,0.0
2025-09-19 00:00:00-04:00,0.15497828971132716,0.08190816847575809,0.03496652418715879,0.0,0.0,0.2903660302750945,0.22452310818038612,0.0,0.2132578791702752,0.0
2025-09-26 00:00:00-04:00,0.15894755441078326,0.05697981408521667,0.15278268103240228,0.0,0.0,0.28812829118005734,0.19969859401772544,0.0,0.14346306527381514,0.0
2025-10-03 00:00:00-04:00,0.1557593921864507,0.0,0.08644568717961355,0.0,0.0,0.4474590730229079,0.2525598279206094,0.0,0.057776019690418616,0.0
2025-10-10 00:00:00-04:00,0.210085884178974,0.0,0.05302663604227561,0.0,0.0374864273140006,0.4663265961154795,0.23307445634927026,0.0,0.0,0.0
2025-10-17 00:00:00-04:00,0.2148153664613161,0.0,0.1318236700596965,0.0,0.0,0.40538537976364214,0.24658839555095585,0.0,0.001387188164389433,0.0
2025-10-24 00:00:00-04:00,0.18785425114865756,0.0,0.08402616808722253,0.0,0.0,0.40226721918154534,0.2761191200296057,0.0,0.04973324155296888,0.0
2025-10-31 00:00:00-04:00,0.10991515687246457,0.04266146154474276,0.0,0.0,0.20811271340802004,0.33556105497612565,0.27612994173386707,0.0,0.027619671464779807,0.0
2025-11-07 00:00:00-05:00,0.059268507816076586,0.04382054620167797,0.02978024424957697,0.0,0.2513947542682687,0.3633434408340869,0.19938124876442906,0.0,0.04418334622679523,0.008827911639088635
2025-11-14 00:00:00-05:00,0.0,0.0,0.1590845660321183,0.0,0.3028281771180957,0.3201440624742294,0.21794319437555662,0.0,0.0,0.0
2025-11-21 00:00:00-05:00,0.024855313184307663,0.1022890931555233,0.1912783903357335,0.0,0.21444641201440384,0.27075479773556643,0.1963759935744651,0.0,0.0,0.0
2025-11-28 00:00:00-05:00,0.0709790779997607,0.0952669113718569,0.12762761688322471,0.0,0.13704877005297575,0.32332381722692577,0.22987326465759866,0.0,0.0,0.015880541807657488
2025-12-05 00:00:00-05:00,0.09575052597165006,0.1251875271631245,0.18723247156981704,0.0,0.15763264923911574,0.2437634987787662,0.1904333272775265,0.0,0.0,0.0
2025-12-12 00:00:00-05:00,0.10242268437971107,0.14989131666226896,0.24545408653417525,0.0,0.20086022471089615,0.14300474400248042,0.1583669437104683,0.0,0.0,0.0
2025-12-19 00:00:00-05:00,0.14778113371212306,0.15714281993837362,0.27514593076797567,0.0,0.17009208258414696,0.10302877904738218,0.14680925394999866,0.0,0.0,0.0
2025-12-26 00:00:00-05:00,0.1978122464865051,0.13196933430160965,0.2509570257336064,0.0,0.15628705443333216,0.09111830883678629,0.1718560302081603,0.0,0.0,0.0
2026-01-02 00:00:00-05:00,0.19752760722467402,0.14647539172948043,0.2655098656753646,0.0,0.16823942212869702,0.04828501846570437,0.17396269477607948,0.0,0.0,0.0
2026-01-09 00:00:00-05:00,0.2121118318991786,0.12566516770367384,0.1959182231738335,0.0,0.18143954582638852,0.10390114485652406,0.1809640865404015,0.0,0.0,0.0
