Date,XOM,CVX,SHEL,TTE,BP,COP,OXY,CNQ,SU,FANG,EOG,PBR
2019-01-07 00:00:00-05:00,0.29815695585137053,0.22871302288439124,0.0,0.0,0.47313002126423825,0.0,0.0,0.0,0.0,0.0,0.0,0.0
2019-01-14 00:00:00-05:00,0.29982697474836034,0.21762239830152538,0.0,0.0,0.48255062695011425,0.0,0.0,0.0,0.0,0.0,0.0,0.0
2019-01-21 00:00:00-05:00,0.29355900782829625,0.2197486064214851,0.0,0.0,0.48669238575021856,0.0,0.0,0.0,0.0,0.0,0.0,0.0
2019-01-28 00:00:00-05:00,0.2964942782266501,0.21744601633574437,0.0,0.0,0.4860597054376056,0.0,0.0,0.0,0.0,0.0,0.0,0.0
2019-02-04 00:00:00-05:00,0.2921657200934579,0.22412153041178032,0.0,0.0,0.4837127494947618,0.0,0.0,0.0,0.0,0.0,0.0,0.0
2019-02-11 00:00:00-05:00,0.2874484098981791,0.21297509490162408,0.0,0.0,0.4995764952001968,0.0,0.0,0.0,0.0,0.0,0.0,0.0
2019-02-18 00:00:00-05:00,0.2937194591264604,0.20509140601823986,0.0,0.0,0.5011891348552997,0.0,0.0,0.0,0.0,0.0,0.0,0.0
2019-02-25 00:00:00-05:00,0.26337866670442356,0.25772169758564245,0.0,0.0,0.47889963570993405,0.0,0.0,0.0,0.0,0.0,0.0,0.0
2019-03-04 00:00:00-05:00,0.28791785520387075,0.2297056047873832,0.0,0.0,0.42848781240370193,0.0,0.0,0.0,0.05388872760504417,0.0,0.0,0.0
2019-03-11 00:00:00-04:00,0.27515640879112974,0.22136356810069074,0.0,0.0,0.42849683940593936,0.0,0.0,0.0,0.07498318370224001,0.0,0.0,0.0
2019-03-18 00:00:00-04:00,0.28480001183551523,0.2501152259481231,0.0,0.0,0.4481712300351462,0.0,0.0,0.0,0.016913532181215638,0.0,0.0,0.0
2019-03-25 00:00:00-04:00,0.20324704942623897,0.1691237658750257,0.0,0.28420780225775233,0.3151396408887141,0.0,0.0,0.0,0.028281741552268782,0.0,0.0,0.0
2019-04-01 00:00:00-04:00,0.18132342153788542,0.15936014850752755,0.0,0.26025366966884234,0.28903775517807523,0.0,0.0,0.037756090595731914,0.04305258035113745,0.0,0.0,0.029216334160800092
2019-04-08 00:00:00-04:00,0.19700632269358964,0.1695204207454904,0.0,0.28150786471332273,0.3024145693484084,0.0,0.0,0.0,0.022975241189620126,0.0,0.0,0.026575581309568736
2019-04-15 00:00:00-04:00,0.20338837445346983,0.16387597578025356,0.0,0.28687188723659296,0.31138430737859746,0.0,0.0,0.0,0.03447945515108624,0.0,0.0,0.0
2019-04-22 00:00:00-04:00,0.19057448092472049,0.164217749430305,0.0,0.2697408226086426,0.2935378235324213,0.0,0.0,0.0,0.04445507521319362,0.0,0.0,0.03747404829071694
2019-04-29 00:00:00-04:00,0.2045546013959065,0.17592892241850008,0.0,0.2980126625066421,0.3215038136789513,0.0,0.0,0.0,0.0,0.0,0.0,0.0
2019-05-06 00:00:00-04:00,0.20369372995837087,0.17031997893869338,0.0,0.2807864915432903,0.3082930535200769,0.0,0.0,0.0,0.02334448050871117,0.0,0.0,0.013562265530857162
2019-05-13 00:00:00-04:00,0.1818968826666065,0.15866832451660534,0.0,0.2519122430098573,0.2731943447257421,0.0,0.0,0.01376733578785873,0.06563921220237537,0.0,0.0,0.05492165709095466
2019-05-20 00:00:00-04:00,0.19207761138840557,0.15148280599071567,0.0,0.2644178761919916,0.285177648931342,0.0,0.0,0.0,0.03913452630523522,0.0,0.0,0.06770953119230999
2019-05-27 00:00:00-04:00,0.1887890588017637,0.14548521809006887,0.0,0.24755334857175962,0.2734013030988218,0.0,0.0,0.05136199863816983,0.0348803961388733,0.0,0.0,0.05852867666054279
2019-06-03 00:00:00-04:00,0.19218118202943194,0.14816885424297127,0.0,0.25200643835340675,0.27535051455196025,0.0,0.0,0.03735969287717997,0.07427935999656164,0.0,0.0,0.020653957948488153
2019-06-10 00:00:00-04:00,0.1788825723381368,0.14391622037581459,0.0,0.23701099997403888,0.257241156739154,0.0,0.0,0.08310390419897508,0.07173332308130013,0.0,0.0,0.02811182329258062
2019-06-17 00:00:00-04:00,0.19794204795605677,0.15097825052642555,0.0,0.258501835870567,0.27754523019959537,0.0,0.0,0.03866282667739924,0.06743721792160337,0.0,0.0,0.008932590848352656
2019-06-24 00:00:00-04:00,0.1927832020408704,0.14526013190103923,0.0,0.24758578488076902,0.2740430202998866,0.0,0.0,0.06451400152834208,0.07581385934909267,0.0,0.0,0.0
2019-07-01 00:00:00-04:00,0.21169971825330683,0.1481947718201895,0.0,0.2731141290321914,0.3027856021791782,0.0,0.0,0.014431345670295418,0.04587673900842996,0.0,0.0,0.0038976940364087867
2019-07-08 00:00:00-04:00,0.17443345710258917,0.14982013023185076,0.0,0.24198298139949082,0.26558333243189913,0.0,0.0,0.07057082376817128,0.058952078418634396,0.0,0.0,0.03865719664736454
2019-07-15 00:00:00-04:00,0.1899549422174185,0.1471654272514638,0.0,0.2475467506406322,0.2738589452082962,0.0,0.0,0.08575028083971716,0.055723653842472014,0.0,0.0,0.0
2019-07-22 00:00:00-04:00,0.20317995666866884,0.14749428748104515,0.0,0.26411213189117894,0.2948977176996718,0.0,0.0,0.010890689278778024,0.060002160732853214,0.0,0.0,0.01942305624780386
2019-07-29 00:00:00-04:00,0.20378429905194073,0.15021029859267915,0.0,0.27770143187981966,0.30536802010522407,0.0,0.0,0.0,0.06293595037033636,0.0,0.0,0.0
2019-08-05 00:00:00-04:00,0.1794964976973278,0.13779291559650786,0.0,0.24706160910198063,0.27654190438279397,0.0,0.0,0.039112788478866935,0.0932776341615827,0.0,0.0,0.026716650580939985
2019-08-12 00:00:00-04:00,0.18359437242385196,0.14375812604785546,0.0,0.24486252134188433,0.26425873752650314,0.0,0.0,0.09269632981883727,0.07082991284106796,0.0,0.0,0.0
2019-08-19 00:00:00-04:00,0.18200435028827358,0.13042655307263656,0.0,0.24222941479262944,0.26519991144333627,0.0,0.0,0.07796010056126618,0.07998682808118246,0.0,0.0,0.022192841760675652
2019-08-26 00:00:00-04:00,0.16830028805273553,0.13284735465684014,0.0,0.22366389113083646,0.24094920261883132,0.0,0.0,0.058289208711331926,0.0886986368130354,0.0,0.0,0.08725141801638922
2019-09-02 00:00:00-04:00,0.16860142521748167,0.1284415668756515,0.0,0.2171952957371055,0.2332977124515501,0.0,0.0,0.09526169382820296,0.06082436744146241,0.0,0.0,0.0963779384485459
2019-09-09 00:00:00-04:00,0.18422380052285112,0.1364852547093395,0.0,0.23807315130775972,0.2592030879515771,0.0,0.0,0.04082867395612658,0.07913622213900384,0.0,0.0,0.062049809413342115
2019-09-16 00:00:00-04:00,0.20044052340651203,0.1481412479776509,0.0,0.2612553202140488,0.29100733279929725,0.0,0.0,0.0,0.03795044071654345,0.0,0.0,0.06120513488594766
2019-09-23 00:00:00-04:00,0.184838361357722,0.12870293528255014,0.0,0.23699693663301272,0.2638876827888957,0.0,0.0,0.011844152698120496,0.040371410826795434,0.0,0.0,0.13335852041290353
2019-09-30 00:00:00-04:00,0.18225277270524812,0.13318691096885826,0.0,0.23727608846167209,0.2583371464516855,0.0,0.0,0.009251884492299519,0.057573010035742715,0.0,0.0,0.12212218688449393
2019-10-07 00:00:00-04:00,0.17844145252802096,0.14110734824473306,0.0,0.22331916151632497,0.24356180408555214,0.0,0.0,0.04494275824915019,0.03817724099491128,0.0,0.0,0.13045023438130746
2019-10-14 00:00:00-04:00,0.17532785078070565,0.14015858208846624,0.0,0.22227826050616595,0.23876216821660393,0.0,0.0,0.03636328211531589,0.052242471506180665,0.0,0.0,0.13486738478656154
2019-10-21 00:00:00-04:00,0.16774201057101018,0.13424219565932963,0.0,0.21844206752701412,0.23815980733512124,0.0,0.0,0.0768802308281492,0.052825398467201114,0.0,0.0,0.11170828961217451
2019-10-28 00:00:00-04:00,0.1696875127772462,0.13268911912702056,0.0,0.21525147127268082,0.2383211207849042,0.0,0.0,0.0748329173573338,0.05952094853903164,0.0,0.0,0.10969691014178264
2019-11-04 00:00:00-05:00,0.1756654220154808,0.12933261542452099,0.0,0.22398172094783692,0.24933943805994369,0.0,0.0,0.032953466685571246,0.07152886743461911,0.0,0.0,0.1171984694320274
2019-11-11 00:00:00-05:00,0.1948227865128907,0.14995571167708668,0.0,0.2518845972741019,0.27488533566798345,0.0,0.0,0.0,0.02343030939665863,0.0,0.0,0.10502125947127873
2019-11-18 00:00:00-05:00,0.1898127201382678,0.14166850837133738,0.0,0.23678130543936285,0.2670430382094057,0.0,0.0,0.01835268157094061,0.03389938161694322,0.0,0.0,0.11244236465374248
2019-11-25 00:00:00-05:00,0.18792397849150305,0.14661397588731312,0.0,0.22960186917866846,0.2560024087744985,0.0,0.0,0.003377404157603523,0.04973463772171413,0.0,0.0,0.12674572578869933
2019-12-02 00:00:00-05:00,0.19437341385665222,0.14424370454463933,0.0,0.244292070184591,0.27330057592157275,0.0,0.0,0.0,0.03197526643969755,0.0,0.0,0.11181496905284725
2019-12-09 00:00:00-05:00,0.18339526715397464,0.1436027167541163,0.0,0.2270414814276475,0.2517911564031703,0.0,0.0,0.026867266770266587,0.026207604354185905,0.0,0.0,0.1410945071366387
2019-12-16 00:00:00-05:00,0.19364886259627448,0.14591017808155782,0.0,0.24383938927973053,0.2751486019954973,0.0,0.0,0.0,0.04289978261300051,0.0,0.0,0.09855318543393951
2019-12-23 00:00:00-05:00,0.19038890200112876,0.14378032138505561,0.0,0.2377862913071322,0.2644088165952826,0.0,0.0,0.0,0.047067251966626845,0.0,0.0,0.11656841674477408
2019-12-30 00:00:00-05:00,0.19395032466136974,0.14845822056561422,0.0,0.24229225930646694,0.27326125269552026,0.0,0.0,0.01786886037246419,0.026740658377512015,0.0,0.0,0.09742842402105273
2020-01-06 00:00:00-05:00,0.21755599667215905,0.15826557115007395,0.0,0.2729243575489891,0.3081000766277851,0.0,0.0,0.0,0.04315399800099286,0.0,0.0,0.0
2020-01-13 00:00:00-05:00,0.21674387322183827,0.16561625293920126,0.0,0.27454123323126234,0.31079137563636483,0.0,0.0,0.0025966132607208444,0.029710651710612258,0.0,0.0,0.0
2020-01-20 00:00:00-05:00,0.2170029536319671,0.16877432222282096,0.0,0.27140580886015364,0.2981946909585282,0.0,0.0,0.0,0.044622224326530076,0.0,0.0,0.0
2020-01-27 00:00:00-05:00,0.22769148002568776,0.17620455778291313,0.0,0.27944431733235636,0.31665964485904274,0.0,0.0,0.0,0.0,0.0,0.0,0.0
2020-02-03 00:00:00-05:00,0.21497580064650185,0.17126027418086565,0.0,0.26125452134633587,0.28804925488040944,0.0,0.0,0.02700834945159463,0.027156864228896956,0.0,0.0,0.010294935265395598
2020-02-10 00:00:00-05:00,0.21805374895488494,0.17605208626066138,0.0,0.2549667004296567,0.28113714559130176,0.0,0.0,0.0,0.06979031876349534,0.0,0.0,0.0
2020-02-17 00:00:00-05:00,0.21698030349774564,0.16738001470896,0.0,0.25716718878002676,0.2816087045352212,0.0,0.0,0.023631799133191057,0.05323198934485538,0.0,0.0,0.0
2020-02-24 00:00:00-05:00,0.2242245868203826,0.14030496374528048,0.0,0.26947556416655477,0.2923629826043451,0.0,0.0,0.0,0.073631902663437,0.0,0.0,0.0
2020-03-02 00:00:00-05:00,0.2187836977582123,0.14624749255158556,0.0,0.2568424852022847,0.2763521099222785,0.0,0.0,0.02910963719438052,0.07266457737125837,0.0,0.0,0.0
2020-03-09 00:00:00-04:00,0.20138178570789514,0.1490706914068791,0.0,0.24031901748851542,0.2568305603735415,0.0,0.0,0.040146780505854275,0.09026732899890196,0.0,0.0,0.021983835518412792
2020-03-16 00:00:00-04:00,0.16676354997799134,0.1302007591013599,0.0,0.1872289159979405,0.19904664352057258,0.0,0.0,0.12382199800625036,0.05043053514586458,0.0,0.0658021329071311,0.07670546534288963
2020-03-23 00:00:00-04:00,0.19290021813200203,0.14999848615617647,0.0,0.2150414725640735,0.22979051167350364,0.0,0.0,0.019314636400764255,0.0,0.0,0.07606179712342041,0.11689287795005965
2020-03-30 00:00:00-04:00,0.2510539053214613,0.1896891994344669,0.0,0.2652317383275185,0.2940251569165534,0.0,0.0,0.0,0.0,0.0,0.0,0.0
2020-04-06 00:00:00-04:00,0.23401534165921906,0.18812222772621306,0.0,0.2662053336302572,0.3116570969843106,0.0,0.0,0.0,0.0,0.0,0.0,0.0
2020-04-13 00:00:00-04:00,0.2510323202368028,0.17027752548857833,0.0,0.26817896516293993,0.310511189111679,0.0,0.0,0.0,0.0,0.0,0.0,0.0
2020-04-20 00:00:00-04:00,0.2489313203990789,0.12683254491884846,0.0,0.2906253419674388,0.3336107927146338,0.0,0.0,0.0,0.0,0.0,0.0,0.0
2020-04-27 00:00:00-04:00,0.0,0.0,0.0,0.0,0.0,0.0,0.0,0.0,0.0,0.0,0.0,0.0
2020-05-04 00:00:00-04:00,0.0,0.0,0.0,0.0,0.0,0.0,0.0,0.0,0.0,0.0,0.0,0.0
2020-05-11 00:00:00-04:00,0.24667918225171676,0.16125398759990978,0.0,0.28055002917206645,0.3115168009763071,0.0,0.0,0.0,0.0,0.0,0.0,0.0
2020-05-18 00:00:00-04:00,0.24000143271692437,0.17246437741985632,0.0,0.2810979917433823,0.3064361981198371,0.0,0.0,0.0,0.0,0.0,0.0,0.0
2020-05-25 00:00:00-04:00,0.17046520106454588,0.12442652550552578,0.0,0.1914553479729608,0.20781983007190702,0.0,0.0,0.1474936603106438,0.0,0.0,0.01641500868696406,0.14192442638745265
2020-06-01 00:00:00-04:00,0.15115565075964682,0.10509292779783401,0.0,0.17044332086068303,0.18826717901859724,0.0,0.0,0.1324193891021676,0.07257812053941133,0.0,0.06172025292381956,0.1183231589978402
2020-06-08 00:00:00-04:00,0.1560643050134452,0.11298019127523376,0.0,0.17466520911836655,0.19508602443216166,0.0,0.0,0.13235508873401652,0.08373449680026303,0.0,0.018375995918381002,0.12673868870813226
2020-06-15 00:00:00-04:00,0.15552315610344203,0.11237391736518618,0.0,0.18007852825083281,0.20143234713975539,0.0,0.0,0.11433006502009616,0.10926104264746848,0.0,0.012566953503896484,0.11443398996932252
2020-06-22 00:00:00-04:00,0.1562860022439701,0.10941623094161458,0.0,0.17083111986138452,0.19327091663300683,0.0,0.0,0.13506500710510794,0.10721755968787118,0.0,0.024444300973885492,0.10346886255315926
2020-06-29 00:00:00-04:00,0.15524780459356197,0.11251245984158662,0.0,0.16942123434657191,0.19130294351900026,0.0,0.0,0.12963836737999546,0.09429962738163128,0.0,0.04013064199444408,0.10744692094320844
2020-07-06 00:00:00-04:00,0.15174751002801465,0.11279103340787329,0.0,0.16946691341068398,0.18800165087273882,0.0,0.0,0.12257167191635959,0.09764603175718278,0.0,0.04499769752046122,0.11277749108668562
2020-07-13 00:00:00-04:00,0.15038393062975447,0.11401448027048643,0.0,0.1628221444309352,0.18335686042609417,0.0,0.0,0.12222675747774857,0.12171226876969643,0.0,0.04237387693112278,0.10310968106416202
2020-07-20 00:00:00-04:00,0.15070595083174385,0.11410506643115138,0.0,0.16614799884202183,0.1870719287151062,0.0,0.0,0.12223928017078835,0.11085200751852112,0.0,0.040973259599706234,0.1079045078909612
2020-07-27 00:00:00-04:00,0.1575650081029969,0.11429269302699689,0.0,0.1725490739938776,0.19512793663028008,0.0,0.0,0.11037740335966686,0.12524522424329582,0.0,0.014199499778869496,0.11064316086401642
2020-08-03 00:00:00-04:00,0.1551122749459827,0.11426980337938664,0.0,0.1661438092287528,0.1868045791585586,0.0,0.0,0.11087469565766356,0.1229371179302921,0.0,0.05811207108922235,0.0857456486101413
2020-08-10 00:00:00-04:00,0.15715772696283695,0.11749544377355423,0.0,0.16651990120591945,0.19080826238784862,0.0,0.0,0.10860378769063203,0.11923753544994793,0.0,0.02834534227213559,0.11183200025712522
2020-08-17 00:00:00-04:00,0.1555478027348599,0.1144475190324059,0.0,0.16881297316201457,0.19160378638407613,0.0,0.0,0.10560118907312609,0.12963378804261416,0.0,0.018342313613560823,0.11601062795734227
2020-08-24 00:00:00-04:00,0.15557306605790014,0.11071624910408459,0.0,0.1667334282314032,0.18949292754696398,0.0,0.0,0.10948715270408958,0.11338291743356635,0.0,0.045850557915938145,0.10876370100605398
2020-08-31 00:00:00-04:00,0.1559058733822562,0.11487046108634927,0.0,0.163575593296349,0.18826804204399278,0.0,0.0,0.10081034185062814,0.11715397785297968,0.0,0.050871754527512164,0.10854395595993277
2020-09-07 00:00:00-04:00,0.15682010062045887,0.1156327074085642,0.0,0.1624870086393812,0.18775709914850477,0.0,0.0,0.11478681794490916,0.11898765368621847,0.0,0.03304218696686843,0.11048642558509508
2020-09-14 00:00:00-04:00,0.1486983630590247,0.11262648443570379,0.0,0.15370152080907745,0.17602659341018526,0.0,0.0,0.10962352240617883,0.11283180470900461,0.0,0.06420425734724365,0.12228745382358173
2020-09-21 00:00:00-04:00,0.151980696483654,0.11589409732995481,0.0,0.15646998072034402,0.17951578087357944,0.0,0.0,0.11257509245747663,0.10598219040249456,0.0,0.061003796498049837,0.11657836523444652
2020-09-28 00:00:00-04:00,0.1464536337909706,0.11385679738513009,0.0,0.15371949706775762,0.17194961125468483,0.0,0.0,0.11345911377310205,0.118184865373553,0.0,0.0621621442194748,0.12021433713532687
2020-10-05 00:00:00-04:00,0.14576565321060933,0.11274464103218909,0.0,0.15034112374378578,0.1703578846164139,0.0,0.0,0.11955328360645504,0.11109784109087857,0.0,0.06390024937082521,0.1262393233288432
2020-10-12 00:00:00-04:00,0.14536563884550685,0.11278196598777035,0.0,0.14932319325355986,0.17063128003511147,0.0,0.0,0.10466391367523183,0.12326805729114051,0.0,0.06891682919983151,0.1250491217118477
2020-10-19 00:00:00-04:00,0.14746135155662177,0.11427681743934066,0.0,0.1507861748336532,0.17293688250394787,0.0,0.0,0.10577212292507306,0.12481031596064301,0.0,0.05509967449047892,0.1288566602902415
2020-10-26 00:00:00-04:00,0.14687298804259857,0.1163763748644045,0.0,0.15074186494214564,0.1710714581011636,0.0,0.0,0.1059611448591149,0.12961376322094806,0.0,0.061768765872496904,0.11759364009712789
2020-11-02 00:00:00-05:00,0.141557251510492,0.1124213209925863,0.0,0.14774659499071166,0.16532584051907498,0.008151050009775783,0.0,0.11619580447221886,0.11466344456255187,0.0,0.07059758235317952,0.12334111058940908
2020-11-09 00:00:00-05:00,0.1431603901187048,0.11236898778546942,0.0,0.14868979510266683,0.16811383160094318,0.0,0.0,0.10246887858051876,0.11673476388340949,0.0,0.08318496797873673,0.12527838494955074
2020-11-16 00:00:00-05:00,0.1544509188265697,0.11307674747176545,0.0,0.15695088205506605,0.18376116564177716,0.0,0.0,0.10366674926719163,0.11528556526694246,0.0,0.06203797789304637,0.11076999357764125
2020-11-23 00:00:00-05:00,0.15500966918227949,0.10873026221468918,0.0,0.15831862910573888,0.18892129903423616,0.0,0.0,0.10121438725883371,0.12159593153312578,0.0,0.050592468498454744,0.1156173531726421
2020-11-30 00:00:00-05:00,0.17002482747032352,0.11188724495886464,0.0,0.17107509946980237,0.20754226899765213,0.0,0.0,0.08188067678696567,0.1262808126891188,0.0,0.017799130642035754,0.11350993898523705
2020-12-07 00:00:00-05:00,0.16134996580426017,0.11135824248051149,0.0,0.16340848084592044,0.19748797604988103,0.0,0.0,0.08674526739570493,0.1222755862391893,0.0,0.050130610054159946,0.10724387113037288
2020-12-14 00:00:00-05:00,0.17006805488593757,0.1130433378051108,0.0,0.17168284270240333,0.2085587151015321,0.0,0.0,0.09474607566561037,0.11802681865527376,0.0,0.027433554595377108,0.09644060058875495
2020-12-21 00:00:00-05:00,0.17022459816667956,0.11657736989991768,0.0,0.17421507516926626,0.21014306647375958,0.0,0.0,0.09464095474810111,0.11994848026487652,0.0,0.018826638299696732,0.0954238169777025
2020-12-28 00:00:00-05:00,0.16132615206956305,0.11843837437746887,0.0,0.1666493954339554,0.1974005528562565,0.0,0.0,0.08478210024264397,0.12685039435822154,0.0,0.04634130462608078,0.09821172603580988
2021-01-04 00:00:00-05:00,0.16764006417416485,0.12486129489249892,0.0,0.17173694751442575,0.2072472720971146,0.0,0.0,0.07737644808164518,0.1250108028323178,0.0,0.026524587050140304,0.09960258335769255
2021-01-11 00:00:00-05:00,0.17811507458797615,0.1246886366916005,0.0,0.18168439038501755,0.21793991149756223,0.0,0.0,0.06325381990249485,0.12546861349458274,0.0,0.011203989742777153,0.09764556369798888
2021-01-18 00:00:00-05:00,0.16684048620053218,0.12245053832342248,0.0,0.18373085097333694,0.2190555008861915,0.0,0.0,0.06641836221978689,0.13042404138899946,0.0,0.0,0.11108022000773048
2021-01-25 00:00:00-05:00,0.1647811705683768,0.11693910274156707,0.0,0.1814256154308743,0.21458313717141084,0.0,0.0,0.085006546644932,0.1296306229761461,0.0,0.0,0.10763380446669274
2021-02-01 00:00:00-05:00,0.16471937556008498,0.11620054409559308,0.0,0.17535080879246365,0.2116366158396578,0.0,0.0,0.08842352517311361,0.13588355521542012,0.0,0.0,0.10778557532366663
2021-02-08 00:00:00-05:00,0.16228952425139848,0.11923942454124085,0.0,0.17670375015682888,0.21324015670015162,0.0,0.0,0.08581567346260913,0.12003369222391416,0.0,0.028385951066898674,0.0942918275969581
2021-02-15 00:00:00-05:00,0.16425050590342172,0.12135881623027968,0.0,0.1871923858814477,0.2234365994513585,0.0,0.0,0.0645367623741986,0.12524933082213843,0.0,0.0,0.11397559933715533
2021-02-22 00:00:00-05:00,0.16696853521274407,0.12079239989976379,0.0,0.18903537191448178,0.22624236999559155,0.0,0.0,0.08090936774327485,0.11443038146799327,0.0,0.0,0.10162157376615077
2021-03-01 00:00:00-05:00,0.14649919262301986,0.0,0.0,0.26033301683585075,0.31938424623020883,0.0,0.0,0.06390899192096358,0.0,0.0,0.0,0.20987455238995695
2021-03-08 00:00:00-05:00,0.14338175559686714,0.0,0.0,0.261778581118598,0.32529271120874864,0.0,0.0,0.0599895058938539,0.0,0.0,0.0,0.20955744618193234
2021-03-15 00:00:00-04:00,0.14021549193553765,0.0,0.0,0.2835930468200731,0.3498222688806428,0.0,0.0,0.0,0.0,0.0,0.0,0.22636919236374642
2021-03-22 00:00:00-04:00,0.1313375225074565,0.0,0.0,0.27045216812805195,0.3250754763312275,0.0,0.0,0.05109681347175103,0.0,0.0,0.0,0.22203801956151298
2021-03-29 00:00:00-04:00,0.19157982348520664,0.0,0.0,0.3642243780119352,0.4420502722310498,0.0,0.0,0.0,0.0,0.0,0.0,0.0021455262718083497
2021-04-05 00:00:00-04:00,0.19614365811431717,0.0,0.0,0.3066022242503771,0.44795198774118167,0.0,0.0,0.0,0.0,0.0,0.0,0.049302129894124136
2021-04-12 00:00:00-04:00,0.1829380132082436,0.0,0.0,0.3128332471678326,0.44393004276538894,0.0,0.0,0.0,0.0,0.0,0.0,0.06029869685853478
2021-04-19 00:00:00-04:00,0.2147836332312729,0.0,0.0,0.32152744793836624,0.4636889188303609,0.0,0.0,0.0,0.0,0.0,0.0,0.0
2021-04-26 00:00:00-04:00,0.2059980466514777,0.0,0.0,0.3261588263082931,0.4678431270402293,0.0,0.0,0.0,0.0,0.0,0.0,0.0
2021-05-03 00:00:00-04:00,0.202940732320226,0.0,0.0,0.32394477596363314,0.46655036899585656,0.0,0.0,0.0,0.0,0.0,0.0,0.006564122720284249
2021-05-10 00:00:00-04:00,0.1861544093661031,0.0,0.0,0.319480561012034,0.4627569244463647,0.0,0.0,0.0,0.0,0.0,0.0,0.031608105175498225
2021-05-17 00:00:00-04:00,0.18127223652233365,0.0,0.0,0.3374282870035692,0.48129947647409715,0.0,0.0,0.0,0.0,0.0,0.0,0.0
2021-05-24 00:00:00-04:00,0.18023323859037296,0.0,0.0,0.3305808887069664,0.4891858727026607,0.0,0.0,0.0,0.0,0.0,0.0,0.0
2021-05-31 00:00:00-04:00,0.19929345628088216,0.0,0.0,0.32468047935063526,0.4760260643684826,0.0,0.0,0.0,0.0,0.0,0.0,0.0
2021-06-07 00:00:00-04:00,0.17337780032471223,0.0,0.0,0.3346470947610912,0.49197510491419655,0.0,0.0,0.0,0.0,0.0,0.0,0.0
2021-06-14 00:00:00-04:00,0.1587905017298395,0.0,0.0,0.3422066020773021,0.4990028961928585,0.0,0.0,0.0,0.0,0.0,0.0,0.0
2021-06-21 00:00:00-04:00,0.18010030357314766,0.0,0.0,0.3253286082077697,0.4945710882190826,0.0,0.0,0.0,0.0,0.0,0.0,0.0
2021-06-28 00:00:00-04:00,0.14932537173756272,0.0,0.0,0.34208783281843075,0.5085867954440065,0.0,0.0,0.0,0.0,0.0,0.0,0.0
2021-07-05 00:00:00-04:00,0.1548738615326934,0.0,0.0,0.3506574755601832,0.4944686629071235,0.0,0.0,0.0,0.0,0.0,0.0,0.0
2021-07-12 00:00:00-04:00,0.18301795747604713,0.0,0.0,0.3339262415984778,0.4830558009254752,0.0,0.0,0.0,0.0,0.0,0.0,0.0
2021-07-19 00:00:00-04:00,0.18817318513609346,0.0,0.0,0.34023610848937946,0.47159070637452705,0.0,0.0,0.0,0.0,0.0,0.0,0.0
2021-07-26 00:00:00-04:00,0.19833856478271458,0.014488170910399972,0.0,0.3334197795828722,0.4537534847240132,0.0,0.0,0.0,0.0,0.0,0.0,0.0
2021-08-02 00:00:00-04:00,0.19261965763819097,0.0,0.0,0.3387860725266268,0.46859426983518215,0.0,0.0,0.0,0.0,0.0,0.0,0.0
2021-08-09 00:00:00-04:00,0.19433621802365866,0.0,0.0,0.3323371380175762,0.47332664395876517,0.0,0.0,0.0,0.0,0.0,0.0,0.0
2021-08-16 00:00:00-04:00,0.19184312046533414,0.0,0.0,0.33239578602356773,0.47576109351109813,0.0,0.0,0.0,0.0,0.0,0.0,0.0
2021-08-23 00:00:00-04:00,0.19315062621391432,0.0,0.0,0.337341903350033,0.4695074704360527,0.0,0.0,0.0,0.0,0.0,0.0,0.0
2021-08-30 00:00:00-04:00,0.19919333449826798,0.0,0.0,0.33334709071113505,0.46745957479059697,0.0,0.0,0.0,0.0,0.0,0.0,0.0
2021-09-06 00:00:00-04:00,0.19991137417835625,0.012863192139749232,0.0,0.32017460513991886,0.4568810471503617,0.0,0.0,0.0,0.0,0.0,0.0,0.010169781391613893
2021-09-13 00:00:00-04:00,0.19444232644767723,0.0,0.0,0.3186163318626966,0.4450699339464769,0.0,0.0,0.0,0.0,0.0,0.0,0.04187140774314914
2021-09-20 00:00:00-04:00,0.19175067127760698,0.0010844112771025947,0.0,0.31476947670091404,0.4491247908705666,0.0,0.0,0.0,0.0,0.0,0.0,0.04327064987380973
2021-09-27 00:00:00-04:00,0.18597871733350418,0.0,0.0,0.2989893419427067,0.4365277641324024,0.0,0.0,0.0,0.0,0.0,0.0,0.0785041765913867
2021-10-04 00:00:00-04:00,0.1694577512756075,0.0,0.0,0.30616010256563403,0.45828355855863084,0.0,0.0,0.0,0.0,0.0,0.0,0.06609858760012767
2021-10-11 00:00:00-04:00,0.16387335320230034,0.0,0.0,0.3295685969537809,0.5032822018022164,0.0,0.0,0.0,0.0,0.0,0.0,0.0032758480417025377
2021-10-18 00:00:00-04:00,0.17647265592673553,0.0,0.0,0.3242300111470202,0.49929733292624423,0.0,0.0,0.0,0.0,0.0,0.0,0.0
2021-10-25 00:00:00-04:00,0.1570092896140652,0.0,0.0,0.3076494467367386,0.49184114499974113,0.0,0.0,0.0,0.0,0.0,0.0,0.043500118649455195
2021-11-01 00:00:00-04:00,0.1423096224696632,0.0,0.0,0.3197068254831071,0.4813463270008084,0.0,0.0,0.0,0.0,0.0,0.0,0.056637225046421255
2021-11-08 00:00:00-05:00,0.1345458376754335,0.0,0.0,0.31647105632855965,0.4940619569443746,0.0,0.0,0.0,0.0,0.0,0.0,0.05492114905163217
2021-11-15 00:00:00-05:00,0.13142114272662095,0.0,0.0,0.2920547362676753,0.4687411349120535,0.0,0.0,0.0,0.0,0.0,0.0,0.10778298609365028
2021-11-22 00:00:00-05:00,0.15403995612199484,0.0,0.0,0.3269299877974435,0.5190300560805616,0.0,0.0,0.0,0.0,0.0,0.0,0.0
2021-11-29 00:00:00-05:00,0.1605834385739955,0.0,0.0,0.33072758314104167,0.5086889782849628,0.0,0.0,0.0,0.0,0.0,0.0,0.0
2021-12-06 00:00:00-05:00,0.18120787583053682,0.0,0.0,0.3287309135795592,0.49006121058990404,0.0,0.0,0.0,0.0,0.0,0.0,0.0
2021-12-13 00:00:00-05:00,0.15861063222831567,0.0,0.0,0.3364099155270798,0.5049794522446045,0.0,0.0,0.0,0.0,0.0,0.0,0.0
2021-12-20 00:00:00-05:00,0.17899568742278105,0.0,0.0,0.3174671409684772,0.5035371716087418,0.0,0.0,0.0,0.0,0.0,0.0,0.0
2021-12-27 00:00:00-05:00,0.18259037552111126,0.0,0.0,0.31518939132794993,0.5022202331509389,0.0,0.0,0.0,0.0,0.0,0.0,0.0
2022-01-03 00:00:00-05:00,0.1793609689706175,0.0,0.0,0.3226233172899188,0.4980157137394638,0.0,0.0,0.0,0.0,0.0,0.0,0.0
2022-01-10 00:00:00-05:00,0.14443297102097444,0.0,0.0,0.3273762554274145,0.5281907735516111,0.0,0.0,0.0,0.0,0.0,0.0,0.0
2022-01-17 00:00:00-05:00,0.11022508512500354,0.0,0.0,0.33093784279757393,0.5588370720774226,0.0,0.0,0.0,0.0,0.0,0.0,0.0
2022-01-24 00:00:00-05:00,0.09323635936509526,0.0,0.0,0.32842361929323155,0.5783400213416731,0.0,0.0,0.0,0.0,0.0,0.0,0.0
2022-01-31 00:00:00-05:00,0.07615498938505762,0.0,0.0,0.3462464482871421,0.5775985623278004,0.0,0.0,0.0,0.0,0.0,0.0,0.0
2022-02-07 00:00:00-05:00,0.027119416825216167,0.0,0.0,0.3728805831747839,0.6,0.0,0.0,0.0,0.0,0.0,0.0,0.0
2022-02-14 00:00:00-05:00,0.03673686900844047,0.0,0.0,0.3632631309915596,0.6,0.0,0.0,0.0,0.0,0.0,0.0,0.0
2022-02-21 00:00:00-05:00,0.0614561450733664,0.0,0.0,0.33854385492663364,0.6,0.0,0.0,0.0,0.0,0.0,0.0,0.0
2022-02-28 00:00:00-05:00,0.20574718079657361,0.09700283221398558,0.0,0.2188033080840007,0.3779559996538674,0.0,0.0,0.0,0.10049067925157278,0.0,0.0,0.0
2022-03-07 00:00:00-05:00,0.21756669186861455,0.04888934114686665,0.0,0.2689738373255594,0.4197753811139342,0.0,0.0,0.0,0.0447947485450252,0.0,0.0,0.0
2022-03-14 00:00:00-04:00,0.21332591278034332,0.0,0.0,0.2948364509859941,0.4847221647542833,0.0,0.0,0.0,0.007115471479379385,0.0,0.0,0.0
2022-03-21 00:00:00-04:00,0.23322612557958758,0.02210209006881496,0.0,0.28659637640637786,0.44081212866560526,0.0,0.0,0.0,0.01726327927961425,0.0,0.0,0.0
2022-03-28 00:00:00-04:00,0.1989805702432529,0.02053367512576152,0.0,0.33447351101490264,0.3919567583758115,0.0,0.0,0.05405548524027142,0.0,0.0,0.0,0.0
2022-04-04 00:00:00-04:00,0.17031053755052378,0.009394376456860412,0.0,0.28389565111684534,0.3354808070937954,0.0,0.0,0.0,0.035108219880807576,0.0,0.0,0.16581040790116744
2022-04-11 00:00:00-04:00,0.1623145026501914,0.0,0.0,0.2961327143357786,0.3472979806773212,0.0,0.0,0.022229452853563328,0.009929298154155459,0.0,0.0,0.1620960513289901
2022-04-18 00:00:00-04:00,0.16892371216866806,0.0,0.0,0.3138178049868991,0.36360787422316243,0.0,0.0,0.0,0.0,0.0,0.0,0.1536506086212703
2022-04-25 00:00:00-04:00,0.15750248260639474,0.0,0.0,0.3160137961788444,0.3653305913177523,0.0,0.0,0.012942501299561772,0.0,0.0,0.0,0.14821062859744671
2022-05-02 00:00:00-04:00,0.1593423200208051,0.023877133204682145,0.0,0.2835786893921731,0.32308694086961676,0.0,0.0,0.030250335609690163,0.005257916125377455,0.0,0.0,0.17460666477765516
2022-05-09 00:00:00-04:00,0.1553991851360418,0.0005876051559913272,0.0,0.3026938869649147,0.347315600065632,0.0,0.0,0.0198013705611599,0.0,0.0,0.0,0.17420235211626023
2022-05-16 00:00:00-04:00,0.14552608639669154,0.01779959481601397,0.0,0.2771761629968536,0.3205116763963288,0.0,0.0,0.06671140687155634,0.02313602667111467,0.0,0.0,0.14913904585144117
2022-05-23 00:00:00-04:00,0.14518291204789874,0.0,0.0,0.30232580300074396,0.36442586525675863,0.0,0.0,0.028866674097200708,0.0,0.0,0.0,0.15919874559739788
2022-05-30 00:00:00-04:00,0.15106569068294198,0.0,0.0,0.3180356619528256,0.38077928321901944,0.0,0.0,0.001128323770230989,0.0,0.0,0.0,0.14899104037498206
2022-06-06 00:00:00-04:00,0.14439588747134985,0.0,0.0,0.31670547434091545,0.38321331726051333,0.0,0.0,0.0,0.0,0.0,0.0,0.1556853209272213
2022-06-13 00:00:00-04:00,0.11070296656764261,0.0,0.0,0.3211110952761005,0.4051989334664673,0.0,0.0,0.0,0.0,0.0,0.0,0.16298700468978966
2022-06-20 00:00:00-04:00,0.13163989697612563,0.0,0.0,0.2930748373199405,0.35353597713764867,0.0,0.0,0.04638601775820043,0.0,0.0,0.0,0.17536327080808473
2022-06-27 00:00:00-04:00,0.12771815602034134,0.028498674950836158,0.0,0.28422069015933193,0.3423013663577355,0.0,0.0,0.052686521485006514,0.0,0.0,0.0,0.16457459102674862
2022-07-04 00:00:00-04:00,0.12987417800532317,0.04991360454497667,0.0,0.2721344177539944,0.3252317540898026,0.0,0.0,0.04542520670918454,0.0,0.0,0.0,0.1774208388967185
2022-07-11 00:00:00-04:00,0.1361153040477601,0.050563374303580065,0.0,0.25859530268121816,0.31317322502985323,0.0,0.0,0.07298386516442557,0.0,0.0,0.0,0.16856892877316287
2022-07-18 00:00:00-04:00,0.12986178349832514,0.056644213003978365,0.0,0.24627489454652832,0.29059790819315084,0.0,0.0,0.1027388315526081,0.023101205815217227,0.0,0.0,0.15078116339019207
2022-07-25 00:00:00-04:00,0.1351642532655006,0.05733577203201973,0.0,0.2601647148520452,0.3091562062210303,0.0,0.0,0.061058240969485596,0.0011854304279642074,0.0,0.0,0.17593538223195432
2022-08-01 00:00:00-04:00,0.12983157066334883,0.05146921016270362,0.0,0.2762061321183447,0.3290422455893435,0.0,0.0,0.05063956197641957,0.0,0.0,0.0,0.16281127948983973
2022-08-08 00:00:00-04:00,0.13699401570167424,0.03340057868908896,0.0,0.2990808495663557,0.34718459131532836,0.0,0.0,0.038710083423700206,0.0,0.0,0.0,0.14462988130385246
2022-08-15 00:00:00-04:00,0.1412394140692048,0.021451087390700223,0.0,0.28805206090940205,0.33404789130940266,0.0,0.0,0.07115798565792104,0.03940972254558348,0.0,0.0,0.10464183811778595
2022-08-22 00:00:00-04:00,0.14326096528291618,0.02441685788708064,0.0,0.29140656102472623,0.34102414244041623,0.0,0.0,0.08043296465706853,0.04278238912360841,0.0,0.0,0.0766761195841839
2022-08-29 00:00:00-04:00,0.14976155523271412,0.012280855347463083,0.0,0.36358919597353256,0.41581626392138643,0.0,0.0,0.006589823531423243,0.0,0.0,0.0,0.051962305993480534
2022-09-05 00:00:00-04:00,0.1442708863861508,0.019600010954328128,0.0,0.3280542728775329,0.3822716414619322,0.0,0.0,0.06337430139958954,0.0,0.0,0.0,0.062428886920466324
2022-09-12 00:00:00-04:00,0.15191635496092326,0.01907689836270139,0.0,0.3218310629753496,0.37024622388163225,0.0,0.0,0.0,0.036915100267399026,0.0,0.0,0.10001435955199452
2022-09-19 00:00:00-04:00,0.12561692321606044,0.024945928648156715,0.0,0.2871227808670797,0.32127649872104613,0.0,0.0,0.07388001156356684,0.017684992475137943,0.0,0.0,0.14947286450895222
2022-09-26 00:00:00-04:00,0.14087735099970494,0.024005563708557585,0.0,0.28482426242000913,0.3180705976064712,0.0,0.0,0.04204913031584754,0.06163233983680983,0.0,0.0,0.12854075511259985
2022-10-03 00:00:00-04:00,0.13116862798080095,0.05463678055916387,0.0,0.25025936139619237,0.28306863526129616,0.0,0.0,0.0896551874930697,0.0479098698953078,0.0,0.0,0.1433015374141693
2022-10-10 00:00:00-04:00,0.13690785813030537,0.01940739095649689,0.0,0.29168584893794913,0.3407551788793053,0.0,0.0,0.08774330556161732,0.0,0.0,0.0,0.12350041753432599
2022-10-17 00:00:00-04:00,0.13478869920049386,0.0232965058547852,0.0,0.3174550662328328,0.3628903905956119,0.0,0.0,0.030848792045458946,0.0009902932883561059,0.0,0.0,0.1297302527824611
2022-10-24 00:00:00-04:00,0.11325565352606828,0.0011144425858476202,0.0,0.29729940316072995,0.3429829648437328,0.0,0.0,0.0886364139608094,0.042012600193875115,0.0,0.0,0.11469852172893671
2022-10-31 00:00:00-04:00,0.10481950459260969,0.0,0.0,0.32490227360118434,0.386950356339139,0.0,0.0,0.0,0.018840562203236367,0.0,0.0,0.16448730326383057
2022-11-07 00:00:00-05:00,0.10713475971458025,0.0,0.0,0.32567679533977684,0.39591994306455275,0.0,0.0,0.0,0.0,0.0,0.0,0.17126850188109022
2022-11-14 00:00:00-05:00,0.11157054264347623,0.0,0.0,0.3137193429791761,0.3834542235832627,0.0,0.0,0.0,0.0,0.0,0.0,0.191255890794085
2022-11-21 00:00:00-05:00,0.10167877554625741,0.0,0.0,0.30936980583260476,0.3750400381703746,0.0,0.0,0.019559646452793233,0.0,0.0,0.0,0.19435173399796984
2022-11-28 00:00:00-05:00,0.09565103211577501,0.0,0.0,0.3181931791410622,0.37866645893905926,0.0,0.0,0.0,0.0,0.0,0.0,0.20748932980410348
2022-12-05 00:00:00-05:00,0.10292272122435406,0.0,0.0,0.3000385409541157,0.36487024485990355,0.0,0.0,0.012616473284448515,0.027275109526741406,0.0,0.0,0.1922769101504368
2022-12-12 00:00:00-05:00,0.11873989320597508,0.0,0.0,0.27017989928169533,0.33397651983829274,0.0,0.0,0.06781738101086343,0.06072276698469632,0.0,0.0,0.148563539678477
2022-12-19 00:00:00-05:00,0.11730973076546872,0.004251462504726095,0.0,0.274036516312078,0.34097628122606194,0.0,0.0,0.07628122202590004,0.0009722925545174432,0.0,0.0,0.18617249461124777
2022-12-26 00:00:00-05:00,0.11180843220732645,0.0,0.0,0.26705055937812616,0.33046867472945957,0.0,0.0,0.05015417913555715,0.05832383413878574,0.0,0.0,0.18219432041074507
2023-01-02 00:00:00-05:00,0.10174317911602954,0.0,0.0,0.272836159267046,0.35307417617523057,0.0,0.0,0.060816485958132924,0.026470807702210063,0.0,0.0,0.18505919178135083
2023-01-09 00:00:00-05:00,0.10118011328025338,0.0,0.0,0.25217349098338016,0.3181100679972806,0.0,0.0,0.04893652871338185,0.07672409761621174,0.0,0.0,0.20287570140949218
2023-01-16 00:00:00-05:00,0.10085735360032864,0.0,0.0,0.2642514613974709,0.33867762330407,0.0,0.0,0.0513483529410396,0.0647619604115762,0.0,0.0,0.1801032483455146
2023-01-23 00:00:00-05:00,0.10892357185223854,0.0,0.0,0.30474497710145537,0.3903208300605812,0.0,0.0,0.0,0.0,0.0,0.0,0.1960106209857249
2023-01-30 00:00:00-05:00,0.09514461940462215,0.0,0.0,0.28626756753575666,0.3812185922013466,0.0,0.0,0.06798519800347166,0.0,0.0,0.0,0.169384022854803
2023-02-06 00:00:00-05:00,0.09782174199540607,0.0,0.0,0.31800308429730567,0.4039506057274397,0.0,0.0,0.0,0.0,0.0,0.0,0.18022456797984868
2023-02-13 00:00:00-05:00,0.10246938582708488,0.0019101693808762012,0.0,0.29254566815349253,0.36079817700696054,0.0,0.0,0.051856468692298076,0.01901459584978904,0.0,0.0,0.17140553508949866
2023-02-20 00:00:00-05:00,0.08774612967182653,0.0,0.0,0.29460003870581886,0.3635510421827799,0.0,0.0,0.08000568192457957,0.0,0.0,0.0,0.17409710751499505
2023-02-27 00:00:00-05:00,0.18207671957635918,0.14371766945064887,0.0,0.2320929360777569,0.2779602832384717,0.0,0.0,0.02693423768016406,0.0012507259342178943,0.0,0.0,0.13596742804238132
2023-03-06 00:00:00-05:00,0.17569199323788887,0.14194161534507388,0.0,0.22835957660781475,0.2763431448075123,0.0,0.0,0.04382670133614204,0.0,0.0,0.0,0.13383696866556793
2023-03-13 00:00:00-04:00,0.13518930062267212,0.10945494190579284,0.12463255729871466,0.17078954059921894,0.20820004466561484,0.0,0.0,0.013188234581361077,0.13375935402519626,0.0,0.0,0.1047860263014293
2023-03-20 00:00:00-04:00,0.1304866074676455,0.10485074338306735,0.11341758675306413,0.16538018890036313,0.19790582183420935,0.0,0.0,0.04568819415599238,0.12968423651391298,0.0,0.0,0.11258662099174524
2023-03-27 00:00:00-04:00,0.11610452913455584,0.09025167965922244,0.10803635093585966,0.17133348109823368,0.17300384943440553,0.0,0.0,0.12177070400148794,0.11841175536179419,0.0,0.0,0.10108765037444055
2023-04-03 00:00:00-04:00,0.10774999454907053,0.08925611784227253,0.10747356069255892,0.16707598388160658,0.16737184199845787,0.0,0.0,0.1133282112878004,0.11308881104070025,0.0,0.0,0.13465547870753297
2023-04-10 00:00:00-04:00,0.11079937350466323,0.08649528202253623,0.10951222929423446,0.1711411675786481,0.17814490859490936,0.0,0.0,0.10040152981633366,0.10809049764686353,0.0,0.0,0.13541501154181143
2023-04-17 00:00:00-04:00,0.10357161573709002,0.08494062625857103,0.10174864548101643,0.17428629760639625,0.1769495356261938,0.0,0.0,0.10462619356876854,0.1197683308868194,0.0,0.0,0.13410875483514453
2023-04-24 00:00:00-04:00,0.1056675600140698,0.08503931975603216,0.09683901933074351,0.17951351320804879,0.1787731124696638,0.0,0.0,0.10235090097093004,0.12262090375103246,0.0,0.0,0.12919567049947955
2023-05-01 00:00:00-04:00,0.10626019435450205,0.0823240764535301,0.10281654514764087,0.17665286002688546,0.17899518080573457,0.0,0.0,0.11092457354379205,0.11755659424153458,0.0,0.0,0.12446997542638041
2023-05-08 00:00:00-04:00,0.11377243400911886,0.08991141671925311,0.09732136458086231,0.16869610745515165,0.17377235890938622,0.0,0.0,0.10646189695296102,0.11960317525456624,0.0,0.0,0.1304612461187006
2023-05-15 00:00:00-04:00,0.11311993203709118,0.09200340941910874,0.09489019231633354,0.16758637951182098,0.17427855322162308,0.0,0.0,0.11511198822745988,0.11652701448692677,0.0,0.0,0.12648253077963592
2023-05-22 00:00:00-04:00,0.11750168376324521,0.09452454982027203,0.10462930218005702,0.17045533110925717,0.17527024730263935,0.0,0.0,0.10555616787465394,0.12815961647334478,0.0,0.0,0.10390310147653056
2023-05-29 00:00:00-04:00,0.11833530465987904,0.09223615983418496,0.09900412642307423,0.1699696156041191,0.17883709997524114,0.0,0.0,0.10561946892646878,0.12301084545941592,0.0,0.0,0.11298737911761672
2023-06-05 00:00:00-04:00,0.11427995296605017,0.09389557214806188,0.1053275193493728,0.16752111973266642,0.17231883582975224,0.0,0.0,0.1094199765633933,0.1221925212503006,0.0,0.0,0.11504450216040266
2023-06-12 00:00:00-04:00,0.11502219072578941,0.09108169911725146,0.10573312424349493,0.17200127428348813,0.17642965403717578,0.0,0.0,0.10390925461284073,0.12757698532456604,0.0,0.0,0.10824581765539366
2023-06-19 00:00:00-04:00,0.11807312173728836,0.0930746086896389,0.09943656671389688,0.1781422048711075,0.178935713485159,0.0,0.0,0.11404247970039093,0.12317151440910407,0.0,0.0,0.09512379039341434
2023-06-26 00:00:00-04:00,0.12066032077755225,0.09831335202637523,0.10248482193860864,0.17797456549058502,0.17988612471763726,0.0,0.0,0.11760647279221156,0.1243901836716362,0.0,0.0,0.07868415858539388
2023-07-03 00:00:00-04:00,0.11589738130485591,0.10095772119961291,0.0986705259284161,0.177025702585225,0.1800236011182819,0.0,0.0,0.11578908470293768,0.1188892177416832,0.0,0.0,0.09274676541898727
2023-07-10 00:00:00-04:00,0.11300473018356891,0.09893475326490966,0.10053738694443709,0.1752650552599925,0.18174708964574565,0.0,0.0,0.11400400551550573,0.1302145202532071,0.0,0.0,0.08629245893263314
2023-07-17 00:00:00-04:00,0.11864715774253547,0.09702997211026067,0.10341248799426121,0.18155671071854182,0.18293014445060207,0.0,0.0,0.12333147579809893,0.11810525369597585,0.0,0.0,0.07498679748972385
2023-07-24 00:00:00-04:00,0.12258384288399829,0.09481299935195552,0.09806863388317014,0.17942453919231863,0.18154870465496042,0.0,0.0,0.10321249049188992,0.12313960260205467,0.0,0.0,0.09720918693965251
2023-07-31 00:00:00-04:00,0.13081361496039706,0.09260894730690614,0.10424947422510361,0.18741041313484677,0.19222345408485364,0.0,0.0,0.10341910780136716,0.11637689526786413,0.0,0.0,0.07289809321866153
2023-08-07 00:00:00-04:00,0.12385316701230573,0.09468687014246628,0.10053934326737013,0.18665649270287038,0.18885365542667135,0.0,0.0,0.10238413205691169,0.11952225264744452,0.0,0.0,0.08350408674395982
2023-08-14 00:00:00-04:00,0.11792740728328857,0.09963903601125028,0.1032232097387956,0.18190343395675818,0.18907506212448522,0.0,0.0,0.09966999926154646,0.11260983312240391,0.0,0.0,0.09595201850147186
2023-08-21 00:00:00-04:00,0.11767571253704928,0.0971842102315509,0.09742548292754881,0.17643152597778064,0.18203259258143947,0.0,0.0,0.12150589098289084,0.11923642841617678,0.0,0.0,0.08850815634556312
2023-08-28 00:00:00-04:00,0.12004237420438052,0.09702624301469093,0.10074245637615808,0.1787440713441281,0.1835431095459477,0.0,0.0,0.11171026603359932,0.12356801520422621,0.0,0.0,0.08462346427686912
2023-09-04 00:00:00-04:00,0.1189102848907589,0.0969147308462366,0.10296752530164492,0.1841506334420961,0.19639520541407407,0.0,0.0,0.10058445757063567,0.12202722802888441,0.0,0.0,0.0780499345056693
2023-09-11 00:00:00-04:00,0.12134546503406904,0.10265535142789758,0.10086502407538157,0.18801282146628492,0.19555032943881884,0.0,0.0,0.0927652586967146,0.1191554171947506,0.0,0.0,0.07965033266608292
2023-09-18 00:00:00-04:00,0.11838479597880777,0.09213754265839022,0.10525534780270548,0.19387452387526388,0.20155107001092842,0.0,0.0,0.11586450462079101,0.11426742888411358,0.0,0.0,0.058664786168999714
2023-09-25 00:00:00-04:00,0.11715407630945589,0.09826689091917164,0.0971786274430254,0.18837395918247485,0.20007940323148676,0.0,0.0,0.11377722960935015,0.10522249517974558,0.0,0.0,0.07994731812528985
2023-10-02 00:00:00-04:00,0.11529124152091275,0.09336962730877334,0.10059402988417282,0.1912979384943689,0.1983820907098522,0.0,0.0,0.09696810323243578,0.11519923959980385,0.0,0.0,0.08889772924968044
2023-10-09 00:00:00-04:00,0.11039260295653942,0.09312594841390218,0.09995441938848476,0.1880290461608919,0.1896692470483241,0.0,0.0,0.10712409869637009,0.129863374666697,0.0,0.0,0.08184126266879038
2023-10-16 00:00:00-04:00,0.12561614851511374,0.09716218984012902,0.09761777224114378,0.18772099188691677,0.19326826533998073,0.0,0.0,0.08608330601732835,0.11986022998730816,0.0,0.0,0.09267109617207954
2023-10-23 00:00:00-04:00,0.12399207586424393,0.09589113414902166,0.0895704178657975,0.1958510579472544,0.20397160220788887,0.0,0.0,0.10480502403666919,0.12144104063572689,0.0,0.0,0.06447764729339757
2023-10-30 00:00:00-04:00,0.12252632521579125,0.10841917592783758,0.0946269834605844,0.18647903705832974,0.19150086472349612,0.0,0.0,0.10741540368018834,0.11299559391033485,0.0,0.0,0.07603661602343771
2023-11-06 00:00:00-05:00,0.13042238926496227,0.10442396108454814,0.09540397292100489,0.18227445005551823,0.19204323548769905,0.0,0.0,0.09202559244180476,0.12411545310706527,0.0,0.0,0.07929094563739729
2023-11-13 00:00:00-05:00,0.12925166678328742,0.11177058174397908,0.0937885388080916,0.18086152152321663,0.19296049380114416,0.0,0.0,0.09696908533571671,0.1174891495423283,0.0,0.0,0.076908962462236
2023-11-20 00:00:00-05:00,0.13018738336463398,0.10919690244393686,0.09067272959288515,0.18320711937565026,0.19937218054527223,0.0,0.0,0.09458444957787564,0.11663821121071223,0.0,0.0,0.0761410238890337
2023-11-27 00:00:00-05:00,0.12867434819769413,0.1091776208709514,0.09226688216684464,0.18169909690933517,0.19723099101933134,0.0,0.0,0.09888112893759934,0.12554127273158006,0.0,0.0,0.06652865916666391
2023-12-04 00:00:00-05:00,0.13503787505216766,0.10824557513169657,0.09207818166024073,0.18349340750054813,0.1999061511206046,0.0,0.0,0.09210835725012417,0.1271215863700956,0.0,0.0,0.062008865914522544
2023-12-11 00:00:00-05:00,0.13034901707868443,0.1089913216818359,0.09529249355832883,0.1765481290320997,0.19360852000525772,0.0,0.0,0.0960588833359703,0.12098407442224861,0.0,0.0,0.0781675608855744
2023-12-18 00:00:00-05:00,0.1278524500230342,0.10699051687725811,0.09599298409807651,0.17297572992771945,0.18612078754302996,0.0,0.0,0.10464583047513915,0.12322440800520777,0.0,0.0,0.0821972930505349
2023-12-25 00:00:00-05:00,0.13818700283031685,0.10473950020545361,0.09057895647921071,0.18364843100063863,0.19957064619372336,0.0,0.0,0.08921089097647046,0.12823892037934986,0.0,0.0,0.06582565193483662
2024-01-01 00:00:00-05:00,0.1368265356355606,0.1092224910589779,0.08864512756139926,0.18313775016950362,0.20254032200110683,0.0,0.0,0.09626960648626388,0.12439881188096001,0.0,0.0,0.05895935520622777
2024-01-08 00:00:00-05:00,0.13593455355494882,0.1073504215150998,0.09568730243004997,0.18694753705246744,0.20144691383820304,0.0,0.0,0.1072731837845034,0.10841410561640923,0.0,0.0,0.05694598220831834
2024-01-15 00:00:00-05:00,0.13723962302712403,0.11169072201327744,0.09122021986408795,0.18548890295256157,0.20025162841710126,0.0,0.0,0.09777779055900147,0.1138166898220629,0.0,0.0,0.06251442334478334
2024-01-22 00:00:00-05:00,0.13819612220509256,0.10895275155860687,0.10472832772254981,0.18249839111243715,0.19704258550874693,0.0,0.0,0.08336766304068129,0.12447763055264155,0.0,0.0,0.06073652829924392
2024-01-29 00:00:00-05:00,0.13422642595512255,0.1122804494680412,0.096048300365503,0.1756899906354503,0.1935526515807661,0.0,0.0,0.10439208744110255,0.1285006833529885,0.0,0.0,0.05530941120102584
2024-02-05 00:00:00-05:00,0.13749617168739606,0.10757091000823266,0.10272703219717998,0.19280034212655173,0.2074904715873928,0.0,0.0,0.09189571831663923,0.10587951962472678,0.0,0.0,0.05413983445188068
2024-02-12 00:00:00-05:00,0.1341236436645119,0.1023922434816502,0.10019211891000994,0.18720065300956476,0.19812889912091575,0.0,0.0,0.11230739161941627,0.11652401765706612,0.0,0.0,0.04913103253686507
2024-02-19 00:00:00-05:00,0.12881259618487334,0.09860682176674512,0.09981054525785273,0.17948871599950417,0.19435377786136307,0.0,0.0,0.11227296411632086,0.12768795124334692,0.0,0.0,0.058966627569993726
2024-02-26 00:00:00-05:00,0.14202419577411013,0.07152513286450213,0.10014257390704363,0.1966114200508057,0.20884809728526613,0.0,0.0,0.11814169545993718,0.1182147953196301,0.0,0.0,0.044492089338704965
2024-03-04 00:00:00-05:00,0.11130492488557196,0.07130891622560077,0.11368510035955992,0.20340142660840987,0.22126851647091672,0.0,0.0,0.1147116002245469,0.12205205622327012,0.0,0.0,0.042267459002123794
2024-03-11 00:00:00-04:00,0.11312298207946808,0.07533363663526306,0.10876805916915826,0.20510197988659054,0.21721331216559148,0.0,0.0,0.10106602636003637,0.11791570817639715,0.0,0.0,0.06147829552749515
2024-03-18 00:00:00-04:00,0.10828118720364706,0.07853172873793116,0.08290521735336914,0.20869526979967545,0.21824858244912698,0.0,0.0,0.09225168244607217,0.11805172110894123,0.0,0.0,0.09303461090123685
2024-03-25 00:00:00-04:00,0.10984511461516938,0.07936573093406492,0.08481511165671256,0.22473520828190752,0.2372667483665223,0.0,0.0,0.05142108340149685,0.11386618967044261,0.0,0.0,0.09868481307368406
2024-04-01 00:00:00-04:00,0.11829519920718672,0.08997387820031265,0.09211579899352978,0.22924369945869263,0.25994445740121624,0.0,0.0,0.029111888048177492,0.09145014319765746,0.0,0.0,0.089864935493227
2024-04-08 00:00:00-04:00,0.105731255095042,0.08461306733043472,0.06711866691432126,0.23498449745364303,0.2667419917687323,0.0,0.0,0.056669508611319995,0.09240458545498352,0.0,0.0,0.091736427371523
2024-04-15 00:00:00-04:00,0.12304288950621517,0.08286867367690126,0.07782580335548134,0.26935810964358126,0.3138474679286945,0.0,0.0,0.0,0.0983793243908352,0.0,0.0,0.03467773149829128
2024-04-22 00:00:00-04:00,0.12016813617372187,0.09456007170291063,0.059752041719375225,0.24192498923791322,0.2808685641550325,0.0,0.0,0.06026980207311244,0.11033971132041676,0.0,0.0,0.03211668361751731
2024-04-29 00:00:00-04:00,0.12272810457667384,0.08274335741611598,0.07697906668142561,0.26345698953694774,0.3030023232563751,0.0,0.0,0.03800824158903829,0.09475214275152624,0.0,0.0,0.018329774191897075
2024-05-06 00:00:00-04:00,0.12663052521400373,0.08726186141263886,0.07685855277331222,0.2507247523803923,0.2913099501674053,0.0,0.0,0.07363381030430984,0.09358054774793781,0.0,0.0,0.0
2024-05-13 00:00:00-04:00,0.13650164464273717,0.08750805859716443,0.07141926584594172,0.2672465253735473,0.3083443071772258,0.0,0.0,0.0011511756249135271,0.12782902273847024,0.0,0.0,0.0
2024-05-20 00:00:00-04:00,0.12280893096074005,0.07060314360175761,0.08051641806642103,0.2445875185554777,0.2960253560843836,0.0,0.0,0.06399320279933646,0.12146542993188354,0.0,0.0,0.0
2024-05-27 00:00:00-04:00,0.13820796857839585,0.09346972045235487,0.07658404746518498,0.2600321763066003,0.3027604993536973,0.0,0.0,0.015777890456310343,0.09258956956011612,0.0,0.0,0.020578127827340437
2024-06-03 00:00:00-04:00,0.12412338088020948,0.07766656420874792,0.07843582754357291,0.24558395122546106,0.2856207737239763,0.0,0.0,0.06082769540072543,0.11464841134358013,0.0,0.0,0.013093395673726846
2024-06-10 00:00:00-04:00,0.12257596703437151,0.09016167538502666,0.07203784313583421,0.24024397325917188,0.27699041907771427,0.0,0.0,0.0664490601388363,0.09758954058518958,0.0,0.0,0.03395152138385571
2024-06-17 00:00:00-04:00,0.12700234745140115,0.08627948416349274,0.06736926011829168,0.24451103795418236,0.28071216593897536,0.0,0.0,0.07388157826515387,0.08558629382254118,0.0,0.0,0.03465783228596164
2024-06-24 00:00:00-04:00,0.1340319539357424,0.0839028228264214,0.07500482445554786,0.23638277951281791,0.26543896016798024,0.0,0.0,0.05188210769231073,0.1015859080651794,0.0,0.0,0.05177064334399994
2024-07-01 00:00:00-04:00,0.12337810002864062,0.08728713705313053,0.08261743382043842,0.23619044655770638,0.267709307174996,0.0,0.0,0.07067639965190199,0.11342594187133352,0.0,0.0,0.018715233841852655
2024-07-08 00:00:00-04:00,0.13081788387011656,0.08355087103297024,0.060403424817763625,0.2426789465814813,0.27313590113653,0.0,0.0,0.07119010786915812,0.09611402631093936,0.0,0.0,0.042108838381040875
2024-07-15 00:00:00-04:00,0.13485333527265522,0.08753327214258769,0.07540425478944268,0.24458959105459566,0.2852857433553039,0.0,0.0,0.057195338283735124,0.10985649618141005,0.0,0.0,0.005281968920269678
2024-07-22 00:00:00-04:00,0.12650063848032886,0.08800751863609135,0.060632862381040716,0.23893062328149964,0.27927741080288376,0.0,0.0,0.057292491640987285,0.12190123976315116,0.0,0.0,0.027457215014017353
2024-07-29 00:00:00-04:00,0.12723261459812557,0.08576190059085949,0.058743724145540785,0.25351842115315526,0.2850782718322202,0.0,0.0,0.08774555772777631,0.08840488574515676,0.0,0.0,0.01351462420716576
2024-08-05 00:00:00-04:00,0.08113772466822544,0.08490785635809064,0.060265810227892,0.25441886573088074,0.2929630723924231,0.0,0.0,0.09003200267301818,0.10676106338726679,0.0,0.0,0.029513604562203127
2024-08-12 00:00:00-04:00,0.08272774779295039,0.10412442607001782,0.0777071481775543,0.230104304509835,0.27243699300086727,0.0,0.0,0.09217630317486633,0.11157111419265335,0.0,0.0,0.029151963081255644
2024-08-19 00:00:00-04:00,0.07704590375951736,0.11248361121153949,0.07474604714223543,0.24380130731904037,0.28259716228874726,0.0,0.0,0.06944403446240012,0.10428333418860095,0.0,0.0,0.03559859962791891
2024-08-26 00:00:00-04:00,0.09410552322624599,0.11099611221633518,0.07299271039207643,0.24619958185749613,0.29244663920824554,0.0,0.0,0.06847628028669711,0.08487882523040811,0.0,0.0,0.029904327582495442
2024-09-02 00:00:00-04:00,0.09794485417766814,0.11145815603503006,0.06839627791240681,0.26612031095016575,0.30940831459263635,0.0,0.0,0.0435498294677851,0.10312225686430765,0.0,0.0,0.0
2024-09-09 00:00:00-04:00,0.08538455272386043,0.10924323630078507,0.07828347223710766,0.25781188230167984,0.3042054867543854,0.0,0.0,0.06837131726112426,0.0896594103577221,0.0,0.0,0.007040642063335089
2024-09-16 00:00:00-04:00,0.09055483018800525,0.11473366150453947,0.0786800627705801,0.22390526313942252,0.26438736132298285,0.0,0.0,0.10743388502437988,0.1117294900035791,0.0,0.0,0.008575446046510789
2024-09-23 00:00:00-04:00,0.09483796630659698,0.09748516019368114,0.08435892207452272,0.23247019949324096,0.28048625605274524,0.0,0.0,0.08941228827749052,0.11476539595319665,0.0,0.0,0.006183811648525836
2024-09-30 00:00:00-04:00,0.0817264748728493,0.09583385443602306,0.07757924133987126,0.252684761529616,0.3016798512987865,0.0,0.0,0.07787704029419691,0.10625772419130125,0.0,0.0,0.0063610520373557486
2024-10-07 00:00:00-04:00,0.07567275410631084,0.10214382542965426,0.08847960711498225,0.261625797833455,0.3074504398161333,0.0,0.0,0.05516629280780053,0.09256740770149574,0.0,0.0,0.016893875190168207
2024-10-14 00:00:00-04:00,0.0722837208053832,0.10883031736726165,0.08874591290644052,0.24920441162018245,0.30046812709898096,0.0,0.0,0.07335022098382146,0.10694308724704032,0.0,0.0,0.0001742019708894471
2024-10-21 00:00:00-04:00,0.06391411227681139,0.08449819864827075,0.0914775455088416,0.24439752742296814,0.29246115081205215,0.0,0.0,0.08224540960273617,0.1240038723066549,0.0,0.0,0.017002183421664836
2024-10-28 00:00:00-04:00,0.07084636545587195,0.08786129435565176,0.0828743855027908,0.2463840431871233,0.2917176334941315,0.0,0.0,0.09556070648887975,0.09146600912658,0.0,0.0,0.03328956238897108
2024-11-04 00:00:00-05:00,0.08079517531990016,0.09495773213514815,0.0902867556379563,0.2491319003514432,0.2934145507266602,0.0,0.0,0.08261177464584375,0.07938276980156501,0.0,0.0,0.029419341381483406
2024-11-11 00:00:00-05:00,0.07456040821705871,0.10156220959483826,0.08848345328924814,0.24620954000094272,0.28821218363532447,0.0,0.0,0.05552464037244538,0.10870310054189018,0.0,0.0,0.03674446434825197
2024-11-18 00:00:00-05:00,0.07640440525186538,0.07710529208596896,0.08933146116918338,0.25845027574817825,0.2943350343742507,0.0,0.0,0.0868012120691924,0.09133854574785943,0.0,0.0,0.02623377355350146
2024-11-25 00:00:00-05:00,0.07668836232167253,0.07539028118300782,0.09480276952979746,0.25272464043983295,0.2938167976793683,0.0,0.0,0.1041370248385198,0.078706181819107,0.0,0.0,0.02373394218869415
2024-12-02 00:00:00-05:00,0.08258876937495897,0.06750298083851165,0.09346788175496307,0.25268454518373173,0.28688089103844544,0.0,0.0,0.11536302028481532,0.08373208392480903,0.0,0.0,0.017779827599764726
2024-12-09 00:00:00-05:00,0.07923903770450835,0.07825305324719666,0.08943778404321245,0.2659117691992406,0.3025263821733367,0.0,0.0,0.08163954690407653,0.08207492535866001,0.0,0.0,0.02091750136976889
2024-12-16 00:00:00-05:00,0.08292732446031309,0.07650472543152828,0.09290245462574272,0.25832016972071936,0.28441127435890046,0.0,0.0,0.09463493722980792,0.10865524998375846,0.0,0.0,0.0016438641892298305
2024-12-23 00:00:00-05:00,0.09827336687287908,0.09839414588745449,0.09181362488994493,0.24428118702075377,0.27138708948896456,0.0,0.0,0.08215673645165712,0.10354116425987835,0.0,0.0,0.010152685128467762
2024-12-30 00:00:00-05:00,0.09624148909892663,0.09952597603353712,0.09062015460070169,0.23521893954309592,0.25422581593581317,0.0,0.0,0.08347430701811061,0.11533904738524613,0.0,0.0,0.02535427038456882
2025-01-06 00:00:00-05:00,0.09406479891129588,0.09828590467733729,0.09913432346943797,0.24001607320539872,0.26757216046252075,0.0,0.0,0.07759132809507982,0.09284026983439285,0.0,0.0,0.030495141344536732
2025-01-13 00:00:00-05:00,0.10488957826680118,0.0986555505997349,0.09609630199313135,0.25127941672133514,0.28061579849001095,0.0,0.0,0.08491672886771849,0.0835466250612681,0.0,0.0,0.0
2025-01-20 00:00:00-05:00,0.09707984582560687,0.08595986499567368,0.08369033627468582,0.24782505282411219,0.2753838290281739,0.0,0.0,0.11038772287260494,0.09354492383045225,0.0,0.0,0.00612842434869031
2025-01-27 00:00:00-05:00,0.1004056386780999,0.08358887233609728,0.08433517106884396,0.2547107857176792,0.28435405927800456,0.0,0.0,0.08543487259579469,0.1018581143907846,0.0,0.0,0.00531248593469594
2025-02-03 00:00:00-05:00,0.09966282140452785,0.07594670437368212,0.09458912973977099,0.2508443973380812,0.27693577578289885,0.0,0.0,0.10803294899552006,0.09398822236551907,0.0,0.0,0.0
2025-02-10 00:00:00-05:00,0.09822729359903773,0.0885693983523596,0.08375211197629671,0.24819185363744048,0.2780511268784901,0.0,0.0,0.10281142839038193,0.10039678716599353,0.0,0.0,0.0
2025-02-17 00:00:00-05:00,0.09664205976248717,0.0869098314649559,0.07058721227277663,0.24827593897261416,0.27823370332236963,0.0,0.0,0.11351553668818061,0.10583571751661598,0.0,0.0,0.0
2025-02-24 00:00:00-05:00,0.10006337118862013,0.09701804695980586,0.073621787889216,0.24528905482451893,0.26983959763867976,0.0,0.0,0.12792330509557878,0.08624483640358058,0.0,0.0,0.0
2025-03-03 00:00:00-05:00,0.10119135906813137,0.09889953042617156,0.06854477476179097,0.24266210654282577,0.26710377038502175,0.0,0.0,0.10488123842658945,0.11671722038946908,0.0,0.0,0.0
2025-03-10 00:00:00-04:00,0.09749136369347892,0.08548233404779809,0.06970427578938429,0.21681350907286812,0.24471453635574472,0.0,0.0,0.13300626428834483,0.114566710489968,0.0,0.0,0.038221006262413
2025-03-17 00:00:00-04:00,0.09582659575921887,0.08533178028801977,0.0768034480256971,0.21847138692608925,0.24696307631436348,0.0,0.0,0.12420129691375781,0.13209256060339022,0.0,0.0,0.020309855169463237
2025-03-24 00:00:00-04:00,0.08939625080045825,0.08453516652563371,0.06450095323280254,0.23955539370400078,0.2684902767953447,0.0,0.0,0.1044597851207482,0.12590068564928783,0.0,0.0,0.023161488171724056
2025-03-31 00:00:00-04:00,0.0943285201518267,0.0990243130596558,0.04725823746089479,0.2731323341990769,0.3373763918772527,0.0,0.0,0.0,0.1488802032512932,0.0,0.0,0.0
2025-04-07 00:00:00-04:00,0.10149552370882488,0.08463543942638029,0.06528938380948776,0.2744790383572907,0.3406696475642862,0.0,0.0,0.0,0.13343096713373032,0.0,0.0,0.0
2025-04-14 00:00:00-04:00,0.1143528725185331,0.11432765942741276,0.09775731198671572,0.22671559919154638,0.2672127186998187,0.0,0.0,0.0,0.1545621865650203,0.0,0.0,0.02507165161095302
2025-04-21 00:00:00-04:00,0.10286993279416085,0.12534025724764847,0.08295719653259664,0.23293767543496777,0.2793138253178224,0.0,0.0,0.0,0.1568728162976272,0.0,0.0,0.01970829637517684
2025-04-28 00:00:00-04:00,0.10713445499224335,0.12950763936382592,0.07728305478246246,0.24562225873838622,0.29619743585904823,0.0,0.0,0.0,0.14424357872727617,0.0,0.0,1.157753675771826e-05
2025-05-05 00:00:00-04:00,0.10435390160545302,0.12564304097087894,0.08053914375583211,0.2405990226160365,0.2988941115861,0.0,0.0,0.0,0.14809850703109112,0.0,0.0,0.001872272434608279
2025-05-12 00:00:00-04:00,0.11995722553823908,0.13017164984622093,0.07945098659189542,0.24104747732536402,0.28926937667428243,0.0,0.0,0.0,0.13309080129631032,0.0,0.0,0.007012482727687733
2025-05-19 00:00:00-04:00,0.09808353457162966,0.13386044784144752,0.08054337831848263,0.2514123292131485,0.30514481461468496,0.0,0.0,0.0,0.13095549544060678,0.0,0.0,0.0
2025-05-26 00:00:00-04:00,0.11016608802155015,0.13426302044457697,0.07939392721849584,0.24141261780174247,0.290114672019311,0.0,0.0,0.0,0.13795254434127716,0.0,0.0,0.006697130153046405
2025-06-02 00:00:00-04:00,0.12134361568259237,0.12931336377357397,0.07509189173145667,0.24224267138170716,0.2894052337601888,0.0,0.0,0.0,0.14260322367048098,0.0,0.0,0.0
2025-06-09 00:00:00-04:00,0.12725474173354187,0.1247648608848033,0.06504993605281036,0.24036370806084936,0.2929748148404312,0.0,0.0,0.0,0.14040278458758823,0.0,0.0,0.009189153839975898
2025-06-16 00:00:00-04:00,0.10852108444115112,0.12474479307681931,0.053895493093700196,0.25528887544672224,0.30991171203476936,0.0,0.0,0.0,0.1476380419068378,0.0,0.0,0.0
2025-06-23 00:00:00-04:00,0.1064447760388578,0.123023757841723,0.048321443770542837,0.27838818805694343,0.33707251225540463,0.0,0.0,0.0,0.10674932203652832,0.0,0.0,0.0
2025-06-30 00:00:00-04:00,0.10243893115469299,0.13067668970218754,0.05436173530555091,0.2602111281214554,0.3181550874534591,0.0,0.0,0.0,0.13415642826265398,0.0,0.0,0.0
2025-07-07 00:00:00-04:00,0.10546380701798186,0.13078745990997726,0.054506080488876174,0.254411683947279,0.3167707911106572,0.0,0.0,0.0,0.13806017752522845,0.0,0.0,0.0
2025-07-14 00:00:00-04:00,0.09945296908741601,0.09788358225498228,0.053023494233897774,0.27353457090979477,0.3351932859756687,0.0,0.0,0.0,0.14091209753824044,0.0,0.0,0.0
2025-07-21 00:00:00-04:00,0.11007594836274746,0.10810584288327615,0.06149757948526091,0.26767969335637976,0.3256866835918044,0.0,0.0,0.0,0.12695425232053129,0.0,0.0,0.0
2025-07-28 00:00:00-04:00,0.10595647128015835,0.1142282854697507,0.05162036157942941,0.264881962132471,0.3223517857395589,0.0,0.0,0.0,0.14096113379863176,0.0,0.0,0.0
2025-08-04 00:00:00-04:00,0.10478027575193935,0.12299076369043394,0.05080752984680454,0.27296373378206856,0.33173293116568686,0.0,0.0,0.0,0.1167247657630666,0.0,0.0,0.0
2025-08-11 00:00:00-04:00,0.12711051847347382,0.11563537942507644,0.0387069736714627,0.2679056499722373,0.314895963128935,0.0,0.0,0.0,0.13574551532881482,0.0,0.0,0.0
2025-08-18 00:00:00-04:00,0.1289313335161407,0.12397583825370882,0.04067851990948276,0.2626924346252289,0.3156541492885446,0.0,0.0,0.0,0.1280677244068943,0.0,0.0,0.0
2025-08-25 00:00:00-04:00,0.1270258475734249,0.1123051892190331,0.04741296238881975,0.261658263213084,0.31553307708936496,0.0,0.0,0.0,0.13606466051627314,0.0,0.0,0.0
2025-09-01 00:00:00-04:00,0.10522051167079745,0.10229992638694546,0.04475718265101816,0.28126090812554283,0.32976747931588735,0.0,0.0,0.0,0.13669399184980874,0.0,0.0,0.0
2025-09-08 00:00:00-04:00,0.11243921596518801,0.09915724659300876,0.03350159290089112,0.2777891663687175,0.3264983968531346,0.0,0.0,0.0,0.15061438131906005,0.0,0.0,0.0
2025-09-15 00:00:00-04:00,0.12068596033467156,0.11815527420519505,0.062116818702122385,0.2721530629697941,0.32614910686325416,0.0,0.0,0.0,0.10073977692496275,0.0,0.0,0.0
2025-09-22 00:00:00-04:00,0.10778918918872728,0.09857567889131745,0.039966346275081735,0.28665680669523547,0.3352777221440372,0.0,0.0,0.0,0.13173425680560089,0.0,0.0,0.0
2025-09-29 00:00:00-04:00,0.10213608025748963,0.1018386089387563,0.051606758441294295,0.2763859553267179,0.3305839205561508,0.0,0.0,0.0,0.13744867647959105,0.0,0.0,0.0
2025-10-06 00:00:00-04:00,0.10878055554686968,0.11090686111903211,0.04460834400075832,0.28443186444901813,0.32636403174499723,0.0,0.0,0.0,0.12490834313932442,0.0,0.0,0.0
2025-10-13 00:00:00-04:00,0.11650381290112005,0.11089609595913787,0.03333383114526052,0.281642282677925,0.3189981582750895,0.0,0.0,0.0,0.13862581904146712,0.0,0.0,0.0
2025-10-20 00:00:00-04:00,0.1108168767119758,0.11560956668659399,0.047109384660102546,0.2706459883485653,0.31534129144830614,0.0,0.0,0.0,0.1404768921444563,0.0,0.0,0.0
2025-10-27 00:00:00-04:00,0.11477820477012969,0.1087329249043079,0.05259256783419306,0.26241947624673806,0.315076905946729,0.0,0.0,0.0,0.1463999202979023,0.0,0.0,0.0
2025-11-03 00:00:00-05:00,0.10668647342536056,0.11377427345920747,0.027527465892471337,0.27391649200512963,0.3294202166783941,0.0,0.0,0.0,0.1486750785394368,0.0,0.0,0.0
2025-11-10 00:00:00-05:00,0.1137461750994852,0.07391648774821401,0.04663736945283918,0.28957770555549217,0.3365980282256161,0.0,0.0,0.0,0.1395242339183534,0.0,0.0,0.0
2025-11-17 00:00:00-05:00,0.1105007959326276,0.07442478742839229,0.0,0.33121387174065353,0.3883188787850357,0.0,0.0,0.0,0.09554166611329078,0.0,0.0,0.0
2025-11-24 00:00:00-05:00,0.10483907143859537,0.0793596049329899,0.020115754362797507,0.32421362747531024,0.3924168340614793,0.0,0.0,0.0,0.07905510772882768,0.0,0.0,0.0
2025-12-01 00:00:00-05:00,0.11049839810816534,0.09419470667421241,0.03520397170487412,0.2882645599878915,0.346596271384555,0.0,0.0,0.0,0.1252420921403016,0.0,0.0,0.0
2025-12-08 00:00:00-05:00,0.11853049856484664,0.08554476540284442,0.019582045609791574,0.2878679355289694,0.35603246877380784,0.0,0.0,0.0,0.13244228611974002,0.0,0.0,0.0
2025-12-15 00:00:00-05:00,0.10457162365475746,0.07769791900736948,0.042325856260316194,0.29463568185619843,0.35212100263738283,0.0,0.0,0.0,0.12864791658397556,0.0,0.0,0.0
2025-12-22 00:00:00-05:00,0.11328525480213573,0.09386115602594737,0.042826843156403574,0.2832771710458556,0.34688125356847055,0.0,0.0,0.0,0.1198683214011873,0.0,0.0,0.0
2025-12-29 00:00:00-05:00,0.10765572361663013,0.061960374404085965,0.051598101439476976,0.2986240981183245,0.36909330533819135,0.0,0.0,0.0,0.11106839708329101,0.0,0.0,0.0
2026-01-05 00:00:00-05:00,0.09365175343170994,0.08425692240915117,0.04340594257965439,0.3097706589947203,0.3738085220878645,0.0,0.0,0.0,0.09510620049689969,0.0,0.0,0.0
2026-01-12 00:00:00-05:00,0.10327903336877246,0.079880213857509,0.04521363542268949,0.2998907480304246,0.35920853874684666,0.0,0.0,0.0,0.11252783057375783,0.0,0.0,0.0
2026-01-19 00:00:00-05:00,0.09167352395394814,0.020625253894344806,0.04284771707809501,0.3409575640687243,0.41804193603251855,0.0,0.0,0.0,0.0858540049723692,0.0,0.0,0.0
2026-01-26 00:00:00-05:00,0.07976122637334078,0.0519924045830651,0.05465174492707382,0.32633293120506995,0.4198687694590817,0.0,0.0,0.0,0.06739292345236875,0.0,0.0,0.0
2026-02-02 00:00:00-05:00,0.07299840657224742,0.029855290130284574,0.03813538886009022,0.3328368803035231,0.45192626507245887,0.0,0.0,0.0,0.07424776906139582,0.0,0.0,0.0
2026-02-09 00:00:00-05:00,0.012561347376893784,0.0016540115117784117,0.00981344498314111,0.42474745220786186,0.5512237439203247,0.0,0.0,0.0,0.0,0.0,0.0,0.0
2026-02-16 00:00:00-05:00,0.0,0.005106204750871142,0.014166409135120355,0.39011870874192395,0.5289992217861874,0.0,0.0,0.0,0.061609455585897005,0.0,0.0,0.0
2026-02-23 00:00:00-05:00,0.0,0.0,0.014294308791047164,0.4173460364526713,0.5647007157280061,0.0,0.0,0.0,0.003658939028275371,0.0,0.0,0.0
2026-03-02 00:00:00-05:00,0.0,0.0,0.0,0.3909983452494348,0.5564329538378704,0.0,0.0,0.0,0.05256870091269483,0.0,0.0,0.0
2026-03-09 00:00:00-04:00,0.0,0.0,0.0,0.5,0.5,0.0,0.0,0.0,0.0,0.0,0.0,0.0
2026-03-16 00:00:00-04:00,0.0,0.0,0.0,0.5000000000000001,0.5,0.0,0.0,0.0,0.0,0.0,0.0,0.0
2026-03-23 00:00:00-04:00,0.0,0.0,0.0,0.49999999999999994,0.5,0.0,0.0,0.0,0.0,0.0,0.0,0.0
2026-03-30 00:00:00-04:00,0.0,0.0,0.0,0.5,0.5,0.0,0.0,0.0,0.0,0.0,0.0,0.0
2026-04-06 00:00:00-04:00,0.0,0.0,0.0,0.5,0.5,0.0,0.0,0.0,0.0,0.0,0.0,0.0
2026-04-13 00:00:00-04:00,0.0,0.0,0.0,0.5,0.5,0.0,0.0,0.0,0.0,0.0,0.0,0.0
2026-04-20 00:00:00-04:00,0.0,0.0,0.0,0.49999999999999994,0.5,0.0,0.0,0.0,0.0,0.0,0.0,0.0
2026-04-27 00:00:00-04:00,0.0,0.0,0.0,0.4999999999999999,0.5,0.0,0.0,0.0,0.0,0.0,0.0,0.0
2026-05-04 00:00:00-04:00,0.0,0.0,0.0,0.5,0.5,0.0,0.0,0.0,0.0,0.0,0.0,0.0
2026-05-11 00:00:00-04:00,0.0,0.0,0.0,0.5,0.5,0.0,0.0,0.0,0.0,0.0,0.0,0.0
2026-05-18 00:00:00-04:00,0.0,0.0,0.0,0.49999999999999994,0.5,0.0,0.0,0.0,0.0,0.0,0.0,0.0
2026-05-25 00:00:00-04:00,0.0,0.0,0.0,0.5,0.5,0.0,0.0,0.0,0.0,0.0,0.0,0.0
2026-06-01 00:00:00-04:00,0.0,0.0,0.0,0.4999999999999999,0.5,0.0,0.0,0.0,0.0,0.0,0.0,0.0
2026-06-08 00:00:00-04:00,0.0,0.0,0.0,0.5,0.5,0.0,0.0,0.0,0.0,0.0,0.0,0.0
2026-06-15 00:00:00-04:00,0.0,0.0,0.0,0.5,0.5,0.0,0.0,0.0,0.0,0.0,0.0,0.0
2026-06-22 00:00:00-04:00,0.019345133309906483,0.0,0.0,0.39724377719904347,0.5834110894910501,0.0,0.0,0.0,0.0,0.0,0.0,0.0
2026-06-29 00:00:00-04:00,0.0,0.0,0.0,0.49999999999999994,0.5,0.0,0.0,0.0,0.0,0.0,0.0,0.0
2026-07-06 00:00:00-04:00,0.03124779542661447,0.0,0.0,0.3823798258136323,0.5543151792985962,0.0,0.0,0.0,0.03205719946115703,0.0,0.0,0.0
