Date,Strategy_Value,Benchmark_Value
2019-01-07 00:00:00-05:00,100000.0,100000.0
2019-01-14 00:00:00-05:00,104098.40544400956,104474.89695059358
2019-01-21 00:00:00-05:00,105478.39327431355,106130.38335899531
2019-01-28 00:00:00-05:00,104599.40003568982,104759.53151741413
2019-02-04 00:00:00-05:00,105490.29055590695,105555.98698991264
2019-02-11 00:00:00-05:00,111349.71134010762,110091.6961877388
2019-02-18 00:00:00-05:00,109992.16334875912,108360.78524501718
2019-02-25 00:00:00-05:00,113337.86796226873,112050.06268015406
2019-03-04 00:00:00-05:00,112741.95398020418,111026.25647408064
2019-03-11 00:00:00-04:00,112674.074688381,111231.25728112896
2019-03-18 00:00:00-04:00,111855.91592141757,108922.03560474188
2019-03-25 00:00:00-04:00,116484.44980645069,112928.50446162722
2019-04-01 00:00:00-04:00,114200.39848919032,112058.0264948467
2019-04-08 00:00:00-04:00,113838.21166824432,111720.38236934307
2019-04-15 00:00:00-04:00,116398.92933513182,113562.52281091466
2019-04-22 00:00:00-04:00,113916.8732912756,112538.58331078848
2019-04-29 00:00:00-04:00,116607.22535119813,115051.90104287246
2019-05-06 00:00:00-04:00,112909.14804134448,110218.93333296987
2019-05-13 00:00:00-04:00,108577.39011419739,106016.99483041844
2019-05-20 00:00:00-04:00,109072.47579257366,107160.96207066615
2019-05-27 00:00:00-04:00,110392.21133052751,108505.59244907578
2019-06-03 00:00:00-04:00,107418.7253458192,104034.87842866917
2019-06-10 00:00:00-04:00,108180.80187484415,103217.53067585973
2019-06-17 00:00:00-04:00,111055.78695906546,105301.2709627832
2019-06-24 00:00:00-04:00,111265.92020008432,106464.02215714043
2019-07-01 00:00:00-04:00,113111.80225289942,107668.52973870143
2019-07-08 00:00:00-04:00,111575.85990627942,106306.64674207692
2019-07-15 00:00:00-04:00,112566.21104518285,107406.28295488901
2019-07-22 00:00:00-04:00,112191.9852811988,107009.24731413567
2019-07-29 00:00:00-04:00,110913.12106998361,106494.48266036312
2019-08-05 00:00:00-04:00,108443.02763576651,104613.1036606846
2019-08-12 00:00:00-04:00,101511.67903083446,96966.35970696538
2019-08-19 00:00:00-04:00,102237.82681111793,97885.11520562811
2019-08-26 00:00:00-04:00,99045.75807089466,95571.36641416888
2019-09-02 00:00:00-04:00,98045.28830810069,93137.84133775701
2019-09-09 00:00:00-04:00,100024.55947625187,95210.60082549653
2019-09-16 00:00:00-04:00,105953.87645035223,101197.08464619568
2019-09-23 00:00:00-04:00,109531.8944688309,104099.81236615338
2019-09-30 00:00:00-04:00,107591.48599458305,101979.79277800706
2019-10-07 00:00:00-04:00,105428.44009735213,97931.46884510803
2019-10-14 00:00:00-04:00,101303.72055582177,93833.43783555589
2019-10-21 00:00:00-04:00,104612.64863171111,96648.56007894494
2019-10-28 00:00:00-04:00,107334.48215814386,98781.43341908927
2019-11-04 00:00:00-05:00,108377.55452903498,99816.71947393562
2019-11-11 00:00:00-05:00,111986.57219864387,102687.90843158025
2019-11-18 00:00:00-05:00,111073.40671255291,100370.71929833174
2019-11-25 00:00:00-05:00,108946.64600413613,98244.94975065735
2019-12-02 00:00:00-05:00,108890.78738987775,99145.4739251458
2019-12-09 00:00:00-05:00,106601.72118567946,97111.41304926209
2019-12-16 00:00:00-05:00,110152.12452051173,101145.86831592252
2019-12-23 00:00:00-05:00,111971.21709265091,103437.1408647591
2019-12-30 00:00:00-05:00,113440.29354220258,105785.07080277405
2020-01-06 00:00:00-05:00,113895.13665507107,106709.87648111567
2020-01-13 00:00:00-05:00,116178.5368617432,109930.87048341092
2020-01-20 00:00:00-05:00,113885.1563309843,108102.78730738952
2020-01-27 00:00:00-05:00,110783.0673590877,104902.88048039714
2020-02-03 00:00:00-05:00,107087.30306889981,99811.17130881993
2020-02-10 00:00:00-05:00,102563.23461896105,95215.62007180703
2020-02-17 00:00:00-05:00,104098.08170407073,96641.65291141471
2020-02-24 00:00:00-05:00,103629.9952689958,96725.02747595296
2020-03-02 00:00:00-05:00,94754.612403589,88121.66432200713
2020-03-09 00:00:00-04:00,89670.01097728101,82405.36970489428
2020-03-16 00:00:00-04:00,70269.44564808592,59539.86612065956
2020-03-23 00:00:00-04:00,50510.433967006364,42953.84382423021
2020-03-30 00:00:00-04:00,55653.77169376806,47062.048672219935
2020-04-06 00:00:00-04:00,62798.451742290374,52341.82705822127
2020-04-13 00:00:00-04:00,65764.27894290267,57271.67680170513
2020-04-20 00:00:00-04:00,66508.29772540557,57924.660825797124
2020-04-27 00:00:00-04:00,61099.97197158072,53727.39152610773
2020-05-04 00:00:00-04:00,61099.97197158072,61071.3732457063
2020-05-11 00:00:00-04:00,61099.97197158072,61870.90417933533
2020-05-18 00:00:00-04:00,60269.235097589735,62131.27786737175
2020-05-25 00:00:00-04:00,61345.44691804827,63243.95951722297
2020-06-01 00:00:00-04:00,63730.73124783188,65554.39192049373
2020-06-08 00:00:00-04:00,67327.35007108116,68739.36853942726
2020-06-15 00:00:00-04:00,75709.2773013366,78630.95408268542
2020-06-22 00:00:00-04:00,69124.7103718126,71656.10250484044
2020-06-29 00:00:00-04:00,68206.1309243479,70029.63720317294
2020-07-06 00:00:00-04:00,65393.19690442882,66747.85843728312
2020-07-13 00:00:00-04:00,64241.55447633693,65057.68935516151
2020-07-20 00:00:00-04:00,65731.49804061299,65987.85957133192
2020-07-27 00:00:00-04:00,67974.48233411877,68560.60433847277
2020-08-03 00:00:00-04:00,65095.92435638328,65263.87311268129
2020-08-10 00:00:00-04:00,64536.2067059334,65029.52923376285
2020-08-17 00:00:00-04:00,66838.63471324512,67422.00539985375
2020-08-24 00:00:00-04:00,65069.85391517847,65692.89938961146
2020-08-31 00:00:00-04:00,63879.14237650354,64069.015222971255
2020-09-07 00:00:00-04:00,62485.14333515436,62289.53463933633
2020-09-14 00:00:00-04:00,58653.16120451488,57581.40352503079
2020-09-21 00:00:00-04:00,57230.39771793144,56053.342985358846
2020-09-28 00:00:00-04:00,55564.45513849189,54826.33485761067
2020-10-05 00:00:00-04:00,52699.09130276275,52061.235120844314
2020-10-12 00:00:00-04:00,52518.646721465535,51776.05860867801
2020-10-19 00:00:00-04:00,54070.46992328381,53489.60192378085
2020-10-26 00:00:00-04:00,52446.12048303461,51698.24633756352
2020-11-02 00:00:00-05:00,50058.30658505633,49212.11176061243
2020-11-09 00:00:00-05:00,51527.01495134882,50633.71521556571
2020-11-16 00:00:00-05:00,62417.07197065871,61362.41194782477
2020-11-23 00:00:00-05:00,65958.23501733298,65092.87416869659
2020-11-30 00:00:00-05:00,74487.8598528443,74551.52514366899
2020-12-07 00:00:00-05:00,69661.1323924458,68479.01925217274
2020-12-14 00:00:00-05:00,75583.90134703538,75474.08856932526
2020-12-21 00:00:00-05:00,76485.24601769734,76626.213381121
2020-12-28 00:00:00-05:00,71486.77293726808,70884.11008326046
2021-01-04 00:00:00-05:00,72844.24053436011,72383.06282420739
2021-01-11 00:00:00-05:00,77408.33074089531,77860.23556555997
2021-01-18 00:00:00-05:00,82876.24551834156,85026.18721502068
2021-01-25 00:00:00-05:00,80928.96004573126,83175.14018290202
2021-02-01 00:00:00-05:00,76318.66416230788,77998.40454097869
2021-02-08 00:00:00-05:00,74360.28450301109,76264.20040913916
2021-02-15 00:00:00-05:00,78401.40931478163,82518.37868259501
2021-02-22 00:00:00-05:00,82416.02031681366,86955.86256860325
2021-03-01 00:00:00-05:00,84192.58570729702,89815.70109684297
2021-03-08 00:00:00-05:00,83495.28746422302,89750.99893435079
2021-03-15 00:00:00-04:00,86817.10482276393,95411.48383077896
2021-03-22 00:00:00-04:00,88747.86722645348,96010.78655655662
2021-03-29 00:00:00-04:00,83539.58002100023,89938.8656158879
2021-04-05 00:00:00-04:00,85822.43583368768,92863.55394636065
2021-04-12 00:00:00-04:00,85910.38943722045,92198.73041862533
2021-04-19 00:00:00-04:00,84129.62887328115,90209.23151911428
2021-04-26 00:00:00-04:00,83904.46863574555,88925.31424793841
2021-05-03 00:00:00-04:00,85113.58088804323,91558.4010885287
2021-05-10 00:00:00-04:00,87207.22152720146,94010.75854285235
2021-05-17 00:00:00-04:00,91208.51092340884,97523.63550769174
2021-05-24 00:00:00-04:00,94069.26109271859,100328.98824778704
2021-05-31 00:00:00-04:00,91223.95863887027,96578.14544535358
2021-06-07 00:00:00-04:00,96086.95575095782,103530.34165789021
2021-06-14 00:00:00-04:00,99642.36888629536,106996.00793617603
2021-06-21 00:00:00-04:00,102166.77631031995,108737.28936962289
2021-06-28 00:00:00-04:00,99639.23671631138,106952.8154240655
2021-07-05 00:00:00-04:00,97679.15295428043,105479.85796558525
2021-07-12 00:00:00-04:00,95998.43648899888,104461.70175567578
2021-07-19 00:00:00-04:00,94601.58565954238,102978.92024261529
2021-07-26 00:00:00-04:00,87259.0593871584,92866.47299052899
2021-08-02 00:00:00-04:00,90566.1054259025,96242.58630727514
2021-08-09 00:00:00-04:00,92415.71800253415,97978.31960545294
2021-08-16 00:00:00-04:00,92980.07871639241,97433.54078013054
2021-08-23 00:00:00-04:00,90649.77414754401,93737.1777902435
2021-08-30 00:00:00-04:00,91072.73137422433,94709.15662813191
2021-09-06 00:00:00-04:00,90968.32643674724,95316.41663909434
2021-09-13 00:00:00-04:00,91026.77856456889,95406.22161959883
2021-09-20 00:00:00-04:00,90637.79840308797,95723.1193860649
2021-09-27 00:00:00-04:00,90718.20574459796,96337.77200746397
2021-10-04 00:00:00-04:00,98718.09832037309,107242.85916623265
2021-10-11 00:00:00-04:00,103435.65122544784,113566.37949670841
2021-10-18 00:00:00-04:00,104494.93483537565,115714.83221159094
2021-10-25 00:00:00-04:00,106304.68093889311,118106.65223476106
2021-11-01 00:00:00-04:00,106994.01599733613,120151.12445534619
2021-11-08 00:00:00-05:00,104916.92190479873,118431.13171366253
2021-11-15 00:00:00-05:00,106229.60690676626,120137.45959679103
2021-11-22 00:00:00-05:00,105755.79581482313,117601.738863175
2021-11-29 00:00:00-05:00,104630.49707476456,117216.80225846879
2021-12-06 00:00:00-05:00,101042.93133910919,112298.03028832411
2021-12-13 00:00:00-05:00,108942.15060858354,119774.80591826655
2021-12-20 00:00:00-05:00,105841.19461089913,114398.01812650789
2021-12-27 00:00:00-05:00,105779.36220188077,114610.85369649922
2022-01-03 00:00:00-05:00,108901.59388615632,118559.05318436994
2022-01-10 00:00:00-05:00,113008.67553630137,124680.2816707833
2022-01-17 00:00:00-05:00,119727.93937857373,132883.07145686293
2022-01-24 00:00:00-05:00,125637.69007750625,138774.80312855178
2022-01-31 00:00:00-05:00,125530.18073311361,138681.96335325157
2022-02-07 00:00:00-05:00,131448.7602040674,145229.17306068694
2022-02-14 00:00:00-05:00,131467.9996927057,144117.37442923116
2022-02-21 00:00:00-05:00,131222.98200479537,144578.50185223846
2022-02-28 00:00:00-05:00,130464.34304486027,142863.30399645757
2022-03-07 00:00:00-05:00,128871.35289747562,149504.16370531527
2022-03-14 00:00:00-04:00,132016.11096403183,156668.94682768395
2022-03-21 00:00:00-04:00,124948.23325744554,148867.08044532302
2022-03-28 00:00:00-04:00,132000.58759958492,158726.65813286023
2022-04-04 00:00:00-04:00,134296.11618143128,159374.6209475965
2022-04-11 00:00:00-04:00,135471.6036787622,158805.1649630543
2022-04-18 00:00:00-04:00,138534.81468211478,163426.62670827183
2022-04-25 00:00:00-04:00,142808.9171124716,166884.50602423484
2022-05-02 00:00:00-04:00,130463.52877423893,152328.0428522445
2022-05-09 00:00:00-04:00,139745.76811621085,163705.73458360735
2022-05-16 00:00:00-04:00,136797.45862626607,159402.88605985086
2022-05-23 00:00:00-04:00,149162.2766616172,173364.44164988174
2022-05-30 00:00:00-04:00,153003.63320759428,176204.9525511545
2022-06-06 00:00:00-04:00,153996.62959127035,181797.7139887078
2022-06-13 00:00:00-04:00,159475.26042417355,190069.825075172
2022-06-20 00:00:00-04:00,145633.0443379424,173410.10977040016
2022-06-27 00:00:00-04:00,137227.73186732052,160596.25205547258
2022-07-04 00:00:00-04:00,138149.56700425743,161006.9341544888
2022-07-11 00:00:00-04:00,129388.19198369911,148665.08949838238
2022-07-18 00:00:00-04:00,125945.20776937892,143730.7387200808
2022-07-25 00:00:00-04:00,131348.6752169246,150984.8702244116
2022-08-01 00:00:00-04:00,133502.40843445229,152756.9870210277
2022-08-08 00:00:00-04:00,140386.58006281755,160818.39143535716
2022-08-15 00:00:00-04:00,144651.1167282081,160750.37428083437
2022-08-22 00:00:00-04:00,149409.37182733268,165712.77384284209
2022-08-29 00:00:00-04:00,157838.70570265333,177835.09519937087
2022-09-05 00:00:00-04:00,153087.42199010155,174713.75540319682
2022-09-12 00:00:00-04:00,149022.19643775807,170144.8330585695
2022-09-19 00:00:00-04:00,148500.83068560204,171066.3547494186
2022-09-26 00:00:00-04:00,147163.0359237672,168618.52536476162
2022-10-03 00:00:00-04:00,133492.62647025925,150885.0268820843
2022-10-10 00:00:00-04:00,150937.66359074943,173526.6058034396
2022-10-17 00:00:00-04:00,147264.48207465012,170920.37945504024
2022-10-24 00:00:00-04:00,151173.47901958172,175295.85570387504
2022-10-31 00:00:00-04:00,155420.4742192013,184591.96177385794
2022-11-07 00:00:00-05:00,159080.78883885246,190526.78399929774
2022-11-14 00:00:00-05:00,158036.89949789582,193970.87136236462
2022-11-21 00:00:00-05:00,160772.92465142568,196556.62397334503
2022-11-28 00:00:00-05:00,160160.0494459832,193237.3528928304
2022-12-05 00:00:00-05:00,163394.45031551865,190626.875235107
2022-12-12 00:00:00-05:00,159318.1988519018,180928.07786963225
2022-12-19 00:00:00-05:00,159039.28129530294,181492.1059662555
2022-12-26 00:00:00-05:00,155962.15537457616,178596.48841528976
2023-01-02 00:00:00-05:00,163536.87996840896,186329.73768999908
2023-01-09 00:00:00-05:00,154869.555768115,177127.94352855947
2023-01-16 00:00:00-05:00,161895.98706107988,184821.68208366437
2023-01-23 00:00:00-05:00,168381.8319180087,190694.6133744338
2023-01-30 00:00:00-05:00,169451.35329507623,192058.48397595595
2023-02-06 00:00:00-05:00,170373.5375376186,192838.82157301155
2023-02-13 00:00:00-05:00,169453.17055988472,189447.88067011544
2023-02-20 00:00:00-05:00,178722.4288260474,196321.74943437718
2023-02-27 00:00:00-05:00,173197.73227554103,184591.27037230865
2023-03-06 00:00:00-05:00,172249.6597431867,183764.62041469265
2023-03-13 00:00:00-04:00,173520.1844804612,187853.9898627639
2023-03-20 00:00:00-04:00,164767.4980674701,178355.36823754082
2023-03-27 00:00:00-04:00,160750.0672070317,175846.62859705984
2023-04-03 00:00:00-04:00,160840.75498130394,176546.16650028533
2023-04-10 00:00:00-04:00,170704.16043271002,188840.3133083482
2023-04-17 00:00:00-04:00,175776.82482169554,191679.57499194576
2023-04-24 00:00:00-04:00,179775.1122937262,193012.10416662603
2023-05-01 00:00:00-04:00,174552.19162603733,188009.95146984933
2023-05-08 00:00:00-04:00,166943.0895260717,180592.18265871197
2023-05-15 00:00:00-04:00,171820.56338207307,182686.44408453524
2023-05-22 00:00:00-04:00,170488.0089426521,177785.91269538418
2023-05-29 00:00:00-04:00,173941.81970472573,184201.09317874003
2023-06-05 00:00:00-04:00,168641.1593208639,178353.59304939167
2023-06-12 00:00:00-04:00,173766.53203442146,182477.29279794855
2023-06-19 00:00:00-04:00,178463.29448751325,184719.57822529651
2023-06-26 00:00:00-04:00,181314.65341989242,182982.6432335106
2023-07-03 00:00:00-04:00,180627.82617910395,182855.55353231684
2023-07-10 00:00:00-04:00,181375.38020976196,186149.76047127598
2023-07-17 00:00:00-04:00,181535.29835979693,189216.06516363678
2023-07-24 00:00:00-04:00,180362.42774395147,188789.69710206488
2023-07-31 00:00:00-04:00,189465.44068822128,198485.13487539993
2023-08-07 00:00:00-04:00,187696.2382009421,198647.8372123083
2023-08-14 00:00:00-04:00,186414.80874414387,197886.0301525583
2023-08-21 00:00:00-04:00,185904.91823755892,197459.725613345
2023-08-28 00:00:00-04:00,189966.89453853734,200066.43999149787
2023-09-04 00:00:00-04:00,196410.3229252687,204192.21237286075
2023-09-11 00:00:00-04:00,200452.5187116633,210317.75505369797
2023-09-18 00:00:00-04:00,202680.57555743586,212223.8369768834
2023-09-25 00:00:00-04:00,206489.82099432903,212886.3459962857
2023-10-02 00:00:00-04:00,202449.3515676935,209534.08177648284
2023-10-09 00:00:00-04:00,198692.9633414779,206321.41121868757
2023-10-16 00:00:00-04:00,204534.30135557248,210546.04247251683
2023-10-23 00:00:00-04:00,212764.07707535056,218399.07976546258
2023-10-30 00:00:00-04:00,204991.98493165377,209657.19489055622
2023-11-06 00:00:00-05:00,199894.2987044861,204925.50474192903
2023-11-13 00:00:00-05:00,199021.12421575995,202566.32206458008
2023-11-20 00:00:00-05:00,204058.95449669842,206864.8966379552
2023-11-27 00:00:00-05:00,204707.10947469118,206636.5754904478
2023-12-04 00:00:00-05:00,204930.62399375899,206080.1249169986
2023-12-11 00:00:00-05:00,198050.06344377075,200904.20563249645
2023-12-18 00:00:00-05:00,194818.2238673069,196252.33503355543
2023-12-25 00:00:00-05:00,204055.32538755465,206837.28868174643
2024-01-01 00:00:00-05:00,207204.45388822042,210279.2994855935
2024-01-08 00:00:00-05:00,205550.68036679598,207497.88771133462
2024-01-15 00:00:00-05:00,202608.27138143478,202680.31153102938
2024-01-22 00:00:00-05:00,199484.28332214543,198822.42240317535
2024-01-29 00:00:00-05:00,197734.17659686768,197295.2639584293
2024-02-05 00:00:00-05:00,208740.13798416223,207531.51785263952
2024-02-12 00:00:00-05:00,207827.29993586388,203536.2842140361
2024-02-19 00:00:00-05:00,205867.54821479655,203181.5040498423
2024-02-26 00:00:00-05:00,208694.02390752154,208395.44462627298
2024-03-04 00:00:00-05:00,210466.9180523325,210848.5930905763
2024-03-11 00:00:00-04:00,208130.2691580045,212297.3313771917
2024-03-18 00:00:00-04:00,208229.54614808314,215458.44391470827
2024-03-25 00:00:00-04:00,212385.94164248454,222608.26579177412
2024-04-01 00:00:00-04:00,212737.80111880007,223796.0603011572
2024-04-08 00:00:00-04:00,222802.48500875075,233806.15143432154
2024-04-15 00:00:00-04:00,227152.67212139763,239074.6894252009
2024-04-22 00:00:00-04:00,223323.53042702467,233579.0017713161
2024-04-29 00:00:00-04:00,231778.73589572852,238797.13002378528
2024-05-06 00:00:00-04:00,230818.32377441428,235445.01107743746
2024-05-13 00:00:00-04:00,232440.33537229174,235596.06219534605
2024-05-20 00:00:00-04:00,234121.76628842042,235420.64410775213
2024-05-27 00:00:00-04:00,226487.93076326832,232935.4499561659
2024-06-03 00:00:00-04:00,227657.4628689139,231946.24601783307
2024-06-10 00:00:00-04:00,221086.96107557867,222995.649904692
2024-06-17 00:00:00-04:00,218600.8060372317,223279.5461829443
2024-06-24 00:00:00-04:00,214675.94443431497,219043.71346679112
2024-07-01 00:00:00-04:00,220275.52639985882,226465.1059634869
2024-07-08 00:00:00-04:00,224066.27797386062,228853.88626921093
2024-07-15 00:00:00-04:00,221831.86137508161,225135.286092979
2024-07-22 00:00:00-04:00,223728.7119836921,230003.59705917418
2024-07-29 00:00:00-04:00,219741.5105719957,223801.04315570218
2024-08-05 00:00:00-04:00,218997.5517512313,224637.1360130033
2024-08-12 00:00:00-04:00,211095.10094312375,214836.75040245545
2024-08-19 00:00:00-04:00,222417.66413373477,224393.05253305298
2024-08-26 00:00:00-04:00,222680.7175396879,223562.25610451374
2024-09-02 00:00:00-04:00,229712.11339444216,229286.29343716346
2024-09-09 00:00:00-04:00,220612.0421131166,221356.92380743258
2024-09-16 00:00:00-04:00,211232.15632614598,209638.7347135613
2024-09-23 00:00:00-04:00,218353.55923989095,216757.78458352305
2024-09-30 00:00:00-04:00,221612.23363380472,221571.845479758
2024-10-07 00:00:00-04:00,217640.49138550297,220022.06279328748
2024-10-14 00:00:00-04:00,220900.14437634023,225428.81481417464
2024-10-21 00:00:00-04:00,213099.43479077882,217405.1332918591
2024-10-28 00:00:00-04:00,213846.31080025414,218815.5822782843
2024-11-04 00:00:00-05:00,206957.6003003739,211967.99083953738
2024-11-11 00:00:00-05:00,208465.1980610615,215018.70208084676
2024-11-18 00:00:00-05:00,204310.21972113528,215380.56091634076
2024-11-25 00:00:00-05:00,210433.83189096497,219951.7719665102
2024-12-02 00:00:00-05:00,208610.0886358712,216517.7289109181
2024-12-09 00:00:00-05:00,207600.84591394357,216494.8354107529
2024-12-16 00:00:00-05:00,207503.07898188318,210431.52901544792
2024-12-23 00:00:00-05:00,200081.0158315832,202723.3411023649
2024-12-30 00:00:00-05:00,197078.22345200463,200395.67160183514
2025-01-06 00:00:00-05:00,201092.0227736764,204437.11389437667
2025-01-13 00:00:00-05:00,212170.3300949241,214030.10885095934
2025-01-20 00:00:00-05:00,212698.7176385024,217386.71252988477
2025-01-27 00:00:00-05:00,216187.528491252,218785.635797702
2025-02-03 00:00:00-05:00,212916.54225974178,212902.0985548866
2025-02-10 00:00:00-05:00,216330.83584243633,213298.27260233066
2025-02-17 00:00:00-05:00,223800.11017513915,218095.11910802394
2025-02-24 00:00:00-05:00,228687.89931074437,218040.06934700816
2025-03-03 00:00:00-05:00,222861.95708561107,214092.67705830268
2025-03-10 00:00:00-04:00,211696.41399246914,203315.05212849283
2025-03-17 00:00:00-04:00,213013.56390678108,206838.36029703316
2025-03-24 00:00:00-04:00,227156.85039931085,217070.19402976497
2025-03-31 00:00:00-04:00,231016.23163746123,222942.34456995706
2025-04-07 00:00:00-04:00,232805.92629459852,225328.03145191033
2025-04-14 00:00:00-04:00,186808.1796802097,179346.56066918647
2025-04-21 00:00:00-04:00,192821.8785552841,186238.66054421224
2025-04-28 00:00:00-04:00,202310.50431763096,195874.86374214865
2025-05-05 00:00:00-04:00,201090.35391993477,196480.7936212501
2025-05-12 00:00:00-04:00,198951.3465438853,191908.77005338355
2025-05-19 00:00:00-04:00,210360.71976330876,206017.51554394342
2025-05-26 00:00:00-04:00,206588.6294650734,199668.12175392476
2025-06-02 00:00:00-04:00,205804.93055157678,198413.87196370043
2025-06-09 00:00:00-04:00,207975.0879659279,201729.92607124965
2025-06-16 00:00:00-04:00,212996.33179496176,207492.63057503596
2025-06-23 00:00:00-04:00,227572.86616992758,219924.53472839983
2025-06-30 00:00:00-04:00,216742.27252367273,207774.59816878795
2025-07-07 00:00:00-04:00,220065.45268157867,210204.83075998808
2025-07-14 00:00:00-04:00,225069.9039079581,216636.07072277012
2025-07-21 00:00:00-04:00,223124.41544044623,212034.4805092015
2025-07-28 00:00:00-04:00,222779.5005685516,212085.3648657622
2025-08-04 00:00:00-04:00,228053.1055213091,219897.15619653906
2025-08-11 00:00:00-04:00,227142.6669702245,214144.03011158545
2025-08-18 00:00:00-04:00,225396.51139879297,212620.5805543962
2025-08-25 00:00:00-04:00,224384.22756612537,212061.96220005688
2025-09-01 00:00:00-04:00,230569.91756415655,219169.4718364273
2025-09-08 00:00:00-04:00,234581.15385442838,225319.54145215728
2025-09-15 00:00:00-04:00,229921.32621600662,216025.71224321253
2025-09-22 00:00:00-04:00,235544.38288581325,223146.5187680162
2025-09-29 00:00:00-04:00,235826.01273556068,221134.45162059314
2025-10-06 00:00:00-04:00,232039.9076964957,219345.29821785685
2025-10-13 00:00:00-04:00,232869.5082461537,220152.01068064483
2025-10-20 00:00:00-04:00,223746.73685893553,211112.0094215369
2025-10-27 00:00:00-04:00,224502.35954566748,209663.14751304712
2025-11-03 00:00:00-05:00,231191.4271463565,213567.72380636356
2025-11-10 00:00:00-05:00,230632.73645897213,212625.00373397896
2025-11-17 00:00:00-05:00,249055.0799564772,224745.60405268776
2025-11-24 00:00:00-05:00,247616.9046618694,226234.20274042658
2025-12-01 00:00:00-05:00,241289.3335617826,220108.45983055202
2025-12-08 00:00:00-05:00,243407.01934670526,223800.92304169282
2025-12-15 00:00:00-05:00,240002.64506619956,223829.39720922062
2025-12-22 00:00:00-05:00,230931.40853276086,214265.52000188318
2025-12-29 00:00:00-05:00,236395.53749329157,219727.86173597994
2026-01-05 00:00:00-05:00,237976.7834693246,223227.82968945111
2026-01-12 00:00:00-05:00,234549.81024038288,221228.87877439262
2026-01-19 00:00:00-05:00,243591.60983164783,229445.66188491668
2026-01-26 00:00:00-05:00,247694.8503637734,231405.86616674007
2026-02-02 00:00:00-05:00,269814.7024495663,245383.9925549625
2026-02-09 00:00:00-05:00,277257.58592305705,253050.06082446495
2026-02-16 00:00:00-05:00,274361.82090515236,256944.33743284552
2026-02-23 00:00:00-05:00,275217.92794058425,259719.80233493826
2026-03-02 00:00:00-05:00,290825.3702601754,271375.3387383
2026-03-09 00:00:00-04:00,295088.98368943174,278411.8029356236
2026-03-16 00:00:00-04:00,306268.30883553287,281205.8896014217
2026-03-23 00:00:00-04:00,332610.82799830165,302016.588266958
2026-03-30 00:00:00-04:00,337464.81605237257,312442.0389808262
2026-04-06 00:00:00-04:00,351363.5677781588,320453.85908726614
2026-04-13 00:00:00-04:00,352870.0063179152,318632.0495052911
2026-04-20 00:00:00-04:00,349627.8587049936,301063.79486930394
2026-04-27 00:00:00-04:00,346026.1890447541,299345.42142743414
2026-05-04 00:00:00-04:00,348979.6203045445,307020.6343493304
2026-05-11 00:00:00-04:00,355471.967131145,314829.18925337534
2026-05-18 00:00:00-04:00,339071.4581462998,302419.48595678655
2026-05-25 00:00:00-04:00,347151.19742313004,318107.1933395246
2026-06-01 00:00:00-04:00,329423.30132367444,300143.2619935309
2026-06-08 00:00:00-04:00,328743.17979333375,302648.38961751066
2026-06-15 00:00:00-04:00,321270.8518397644,295259.11255066504
2026-06-22 00:00:00-04:00,308294.9659883973,283098.02744392253
2026-06-29 00:00:00-04:00,299485.1535610727,277146.85723620927
2026-07-06 00:00:00-04:00,286039.4897062031,264159.88476769306
